Structure specifier,Atom name,Infile id,Substructure name,Substructure id,Chain,Element,EDIA,EDIA fault analysis,B factor,Occupancy
r,C,3,GLU,16,A,Carbon,0.91,0,40.01,1
r,O,4,GLU,16,A,Oxygen,0.82,0,40.31,1
r,CA,2,GLU,16,A,Carbon,0.86,0,43.15,1
r,N,1,GLU,16,A,Nitrogen,0.64,0,46.07,1
r,CB,5,GLU,16,A,Carbon,0.39,3,45.33,1
r,C,8,VAL,17,A,Carbon,1.06,0,25.46,1
r,O,9,VAL,17,A,Oxygen,1,0,23.97,1
r,CA,7,VAL,17,A,Carbon,0.98,0,29.12,1
r,N,6,VAL,17,A,Nitrogen,0.93,0,33.46,1
r,CB,10,VAL,17,A,Carbon,0.95,0,32.37,1
r,CG1,11,VAL,17,A,Carbon,0.79,0,33.84,1
r,CG2,12,VAL,17,A,Carbon,0.57,3,35.72,1
r,C,15,GLU,18,A,Carbon,1.11,0,17.73,1
r,O,16,GLU,18,A,Oxygen,1.11,0,16.92,1
r,CA,14,GLU,18,A,Carbon,1.09,0,18.16,1
r,N,13,GLU,18,A,Nitrogen,1.11,0,18.87,1
r,CB,17,GLU,18,A,Carbon,1.08,0,18.82,1
r,CG,18,GLU,18,A,Carbon,1.02,0,21.32,1
r,CD,19,GLU,18,A,Carbon,1.13,0,24.9,1
r,OE1,20,GLU,18,A,Oxygen,0.99,0,26.85,1
r,OE2,21,GLU,18,A,Oxygen,1.02,0,28.9,1
r,C,24,THR,19,A,Carbon,1.12,0,15.13,1
r,O,25,THR,19,A,Oxygen,1.08,0,15.13,1
r,CA,23,THR,19,A,Carbon,1.12,0,15.16,1
r,N,22,THR,19,A,Nitrogen,1.13,0,16.21,1
r,CB,26,THR,19,A,Carbon,1.06,0,16.34,1
r,OG1,27,THR,19,A,Oxygen,1.1,0,17.71,1
r,CG2,28,THR,19,A,Carbon,0.99,0,15.89,1
r,C,31,PHE,20,A,Carbon,1.12,0,14.31,1
r,O,32,PHE,20,A,Oxygen,1.09,0,15.44,1
r,CA,30,PHE,20,A,Carbon,1.13,0,15.06,1
r,N,29,PHE,20,A,Nitrogen,1.11,0,15.62,1
r,CB,33,PHE,20,A,Carbon,1.03,0,15.07,1
r,CG,34,PHE,20,A,Carbon,1.08,0,16.2,1
r,CD1,35,PHE,20,A,Carbon,1.05,0,16.28,1
r,CE1,37,PHE,20,A,Carbon,1.02,0,17.6,1
r,CZ,39,PHE,20,A,Carbon,1.03,0,16.91,1
r,CE2,38,PHE,20,A,Carbon,1.06,0,18.09,1
r,CD2,36,PHE,20,A,Carbon,1.03,0,16.97,1
r,C,42,ALA,21,A,Carbon,1.1,0,15.07,1
r,O,43,ALA,21,A,Oxygen,1.1,0,16.15,1
r,CA,41,ALA,21,A,Carbon,1.06,0,14.21,1
r,N,40,ALA,21,A,Nitrogen,1.1,0,14.27,1
r,CB,44,ALA,21,A,Carbon,0.97,0,14.67,1
r,C,47,PHE,22,A,Carbon,1.12,0,16.61,1
r,O,48,PHE,22,A,Oxygen,1.08,0,18.01,1
r,CA,46,PHE,22,A,Carbon,1.1,0,14.93,1
r,N,45,PHE,22,A,Nitrogen,1.12,0,15.16,1
r,CB,49,PHE,22,A,Carbon,1.06,0,15.22,1
r,CG,50,PHE,22,A,Carbon,1.1,0,15.54,1
r,CD1,51,PHE,22,A,Carbon,0.99,0,14.43,1
r,CE1,53,PHE,22,A,Carbon,1.06,0,14.9,1
r,CZ,55,PHE,22,A,Carbon,1.03,0,14.33,1
r,CE2,54,PHE,22,A,Carbon,1.07,0,14.75,1
r,CD2,52,PHE,22,A,Carbon,1.05,0,14.77,1
r,C,59,GLN,23,A,Carbon,1.13,0,17.36,1
r,O,60,GLN,23,A,Oxygen,1.13,0,17.12,1
r,CA,57,GLN,23,A,Carbon,1.09,0,17.72,0.6
r,N,56,GLN,23,A,Nitrogen,1.1,0,16.64,1
r,CB,61,GLN,23,A,Carbon,0.97,0,19.56,0.6
r,CG,63,GLN,23,A,Carbon,0.89,0,21.61,0.6
r,CD,65,GLN,23,A,Carbon,0.94,0,23.98,0.6
r,OE1,67,GLN,23,A,Oxygen,0.62,3,27.14,0.6
r,NE2,69,GLN,23,A,Nitrogen,0.8,0,23.49,0.6
r,C,73,ALA,24,A,Carbon,1.11,0,19.57,1
r,O,74,ALA,24,A,Oxygen,1.07,0,20.26,1
r,CA,72,ALA,24,A,Carbon,1.08,0,19.32,1
r,N,71,ALA,24,A,Nitrogen,1.09,0,18.98,1
r,CB,75,ALA,24,A,Carbon,0.88,0,20.55,1
r,C,78,GLU,25,A,Carbon,1.1,0,18.92,1
r,O,79,GLU,25,A,Oxygen,1.06,0,19.03,1
r,CA,77,GLU,25,A,Carbon,1.1,0,20.89,1
r,N,76,GLU,25,A,Nitrogen,1.11,0,19.98,1
r,CB,80,GLU,25,A,Carbon,1.04,0,23.26,1
r,CG,81,GLU,25,A,Carbon,1.06,0,25.85,1
r,CD,82,GLU,25,A,Carbon,1.1,0,27.58,0.8
r,OE1,83,GLU,25,A,Oxygen,1.02,0,24.73,0.8
r,OE2,84,GLU,25,A,Oxygen,0.85,0,30.96,0.8
r,C,87,ILE,26,A,Carbon,1.12,0,16.56,1
r,O,88,ILE,26,A,Oxygen,1.08,0,16.63,1
r,CA,86,ILE,26,A,Carbon,1.09,0,17.68,1
r,N,85,ILE,26,A,Nitrogen,1.1,0,18.85,1
r,CB,89,ILE,26,A,Carbon,1.11,0,18.44,1
r,CG1,90,ILE,26,A,Carbon,1.02,0,21.31,1
r,CD1,92,ILE,26,A,Carbon,0.75,3,24.98,1
r,CG2,91,ILE,26,A,Carbon,0.92,0,17.35,1
r,C,95,ALA,27,A,Carbon,1.09,0,17.8,1
r,O,96,ALA,27,A,Oxygen,1.08,0,18.19,1
r,CA,94,ALA,27,A,Carbon,1.1,0,17.69,1
r,N,93,ALA,27,A,Nitrogen,1.11,0,17,1
r,CB,97,ALA,27,A,Carbon,1.01,0,18.12,1
r,C,100,GLN,28,A,Carbon,1.1,0,20.06,1
r,O,101,GLN,28,A,Oxygen,1.08,0,20.68,1
r,CA,99,GLN,28,A,Carbon,1.12,0,20.48,1
r,N,98,GLN,28,A,Nitrogen,1.1,0,18.34,1
r,CB,102,GLN,28,A,Carbon,1.01,0,23.17,1
r,CG,103,GLN,28,A,Carbon,0.69,3,28.13,0.8
r,CD,104,GLN,28,A,Carbon,0.88,0,31.47,0.8
r,OE1,105,GLN,28,A,Oxygen,0.73,0,36.7,0.8
r,NE2,106,GLN,28,A,Nitrogen,0.75,0,30.44,0.8
r,C,109,LEU,29,A,Carbon,1.1,0,18.24,1
r,O,110,LEU,29,A,Oxygen,1.05,0,18.69,1
r,CA,108,LEU,29,A,Carbon,1.08,0,17.96,1
r,N,107,LEU,29,A,Nitrogen,1.11,0,18.76,1
r,CB,111,LEU,29,A,Carbon,1.01,0,19.09,1
r,CG,112,LEU,29,A,Carbon,1.09,0,19.8,1
r,CD1,113,LEU,29,A,Carbon,0.94,0,21.57,1
r,CD2,114,LEU,29,A,Carbon,0.94,0,21.51,1
r,C,117,MET,30,A,Carbon,1.07,0,18.85,1
r,O,118,MET,30,A,Oxygen,1.08,0,18.34,1
r,CA,116,MET,30,A,Carbon,1.05,0,17.4,1
r,N,115,MET,30,A,Nitrogen,1.08,0,17.57,1
r,CB,119,MET,30,A,Carbon,1.07,0,18.06,1
r,CG,120,MET,30,A,Carbon,0.98,0,16.67,1
r,SD,121,MET,30,A,Sulfur,1.17,0,16.31,1
r,CE,122,MET,30,A,Carbon,0.94,0,17.81,1
r,C,126,SER,31,A,Carbon,1.08,0,20.1,1
r,O,127,SER,31,A,Oxygen,1.05,0,21.23,1
r,CA,124,SER,31,A,Carbon,1.11,0,20.37,0.5
r,N,123,SER,31,A,Nitrogen,1.1,0,18.86,1
r,CB,128,SER,31,A,Carbon,1,0,20.7,0.5
r,OG,130,SER,31,A,Oxygen,0.56,3,23.15,0.5
r,C,134,LEU,32,A,Carbon,1.02,0,21.67,1
r,O,135,LEU,32,A,Oxygen,0.97,0,22.13,1
r,CA,133,LEU,32,A,Carbon,1.05,0,21.15,1
r,N,132,LEU,32,A,Nitrogen,1.06,0,20.85,1
r,CB,136,LEU,32,A,Carbon,1.03,0,24.47,1
r,CG,137,LEU,32,A,Carbon,1.03,0,28.93,1
r,CD1,138,LEU,32,A,Carbon,0.71,3,31.4,1
r,CD2,139,LEU,32,A,Carbon,0.85,0,28.13,1
r,C,142,ILE,33,A,Carbon,1.07,0,19.68,1
r,O,143,ILE,33,A,Oxygen,1.04,0,20.24,1
r,CA,141,ILE,33,A,Carbon,1.07,0,19.47,1
r,N,140,ILE,33,A,Nitrogen,1.04,0,19.19,1
r,CB,144,ILE,33,A,Carbon,1.14,0,17.78,1
r,CG1,145,ILE,33,A,Carbon,1.04,0,18.45,1
r,CD1,147,ILE,33,A,Carbon,0.9,0,19.03,1
r,CG2,146,ILE,33,A,Carbon,0.98,0,19.27,1
r,C,150,ILE,34,A,Carbon,1.1,0,22.69,1
r,O,151,ILE,34,A,Oxygen,1.04,0,23.52,1
r,CA,149,ILE,34,A,Carbon,1.11,0,21,1
r,N,148,ILE,34,A,Nitrogen,1.06,0,19.56,1
r,CB,152,ILE,34,A,Carbon,1.09,0,20.83,1
r,CG1,153,ILE,34,A,Carbon,1.04,0,20.28,1
r,CD1,155,ILE,34,A,Carbon,0.93,0,21.01,1
r,CG2,154,ILE,34,A,Carbon,1,0,22.51,1
r,C,158,ASN,35,A,Carbon,1.07,0,27.19,1
r,O,159,ASN,35,A,Oxygen,0.95,0,30.43,1
r,CA,157,ASN,35,A,Carbon,1.08,0,25.43,1
r,N,156,ASN,35,A,Nitrogen,1.06,0,23.72,1
r,CB,160,ASN,35,A,Carbon,0.93,0,27.76,1
r,CG,161,ASN,35,A,Carbon,1.08,0,29.65,1
r,OD1,162,ASN,35,A,Oxygen,0.92,0,34.42,1
r,ND2,163,ASN,35,A,Nitrogen,0.93,0,34.87,1
r,C,166,THR,36,A,Carbon,0.99,0,23.76,1
r,O,167,THR,36,A,Oxygen,0.95,0,23.77,1
r,CA,165,THR,36,A,Carbon,0.99,0,23.84,1
r,N,164,THR,36,A,Nitrogen,0.99,0,24.97,1
r,CB,168,THR,36,A,Carbon,1.02,0,25.78,1
r,OG1,169,THR,36,A,Oxygen,0.95,0,26.86,1
r,CG2,170,THR,36,A,Carbon,0.77,0,27.22,1
r,C,173,PHE,37,A,Carbon,1.04,0,22.33,1
r,O,174,PHE,37,A,Oxygen,1.03,0,22.95,1
r,CA,172,PHE,37,A,Carbon,1.01,0,22.43,1
r,N,171,PHE,37,A,Nitrogen,1,0,22.75,1
r,CB,175,PHE,37,A,Carbon,0.98,0,22.24,1
r,CG,176,PHE,37,A,Carbon,1.09,0,22.53,1
r,CD1,177,PHE,37,A,Carbon,1.04,0,22.16,1
r,CE1,179,PHE,37,A,Carbon,1.07,0,24.62,1
r,CZ,181,PHE,37,A,Carbon,1.01,0,23.28,1
r,CE2,180,PHE,37,A,Carbon,1.04,0,23.74,1
r,CD2,178,PHE,37,A,Carbon,1.02,0,24.05,1
r,C,185,TYR,38,A,Carbon,1.1,0,20.45,1
r,O,186,TYR,38,A,Oxygen,1.07,0,20.88,1
r,CA,183,TYR,38,A,Carbon,1.08,0,19.74,0.5
r,N,182,TYR,38,A,Nitrogen,1.08,0,20.03,1
r,CB,187,TYR,38,A,Carbon,0.98,0,19.22,0.5
r,CG,189,TYR,38,A,Carbon,1.04,0,18.66,0.5
r,CD1,191,TYR,38,A,Carbon,1.04,0,18.26,0.5
r,CE1,195,TYR,38,A,Carbon,0.87,0,19.1,0.5
r,CZ,199,TYR,38,A,Carbon,0.96,0,18.08,0.5
r,OH,201,TYR,38,A,Oxygen,0.72,0,19.05,0.5
r,CE2,197,TYR,38,A,Carbon,0.73,3,18.07,0.5
r,CD2,193,TYR,38,A,Carbon,0.74,3,17.56,0.5
r,C,205,SER,39,A,Carbon,1.12,0,18.3,1
r,O,206,SER,39,A,Oxygen,1.1,0,20.86,1
r,CA,204,SER,39,A,Carbon,1.13,0,17.87,1
r,N,203,SER,39,A,Nitrogen,1.11,0,18.76,1
r,CB,207,SER,39,A,Carbon,1.07,0,19.03,1
r,OG,208,SER,39,A,Oxygen,1.08,0,20.02,1
r,C,211,ASN,40,A,Carbon,1.13,0,17.58,1
r,O,212,ASN,40,A,Oxygen,1.08,0,18.71,1
r,CA,210,ASN,40,A,Carbon,1.12,0,17.49,1
r,N,209,ASN,40,A,Nitrogen,1.1,0,17.71,1
r,CB,213,ASN,40,A,Carbon,1.09,0,19.72,1
r,CG,214,ASN,40,A,Carbon,1.1,0,20.16,1
r,OD1,215,ASN,40,A,Oxygen,1.01,0,23.92,1
r,ND2,216,ASN,40,A,Nitrogen,1.05,0,19.34,1
r,C,219,LYS,41,A,Carbon,1.13,0,16.61,1
r,O,220,LYS,41,A,Oxygen,1.07,0,16.43,1
r,CA,218,LYS,41,A,Carbon,1.1,0,16.44,1
r,N,217,LYS,41,A,Nitrogen,1.11,0,16.24,1
r,CB,221,LYS,41,A,Carbon,1.03,0,16.09,1
r,CG,222,LYS,41,A,Carbon,1,0,16.68,1
r,CD,223,LYS,41,A,Carbon,1,0,16.31,1
r,CE,224,LYS,41,A,Carbon,1.08,0,17.38,1
r,NZ,225,LYS,41,A,Nitrogen,1.04,0,17.63,1
r,C,228,GLU,42,A,Carbon,1.11,0,16.34,1
r,O,229,GLU,42,A,Oxygen,1.07,0,15.97,1
r,CA,227,GLU,42,A,Carbon,1.12,0,16.1,1
r,N,226,GLU,42,A,Nitrogen,1.1,0,16.29,1
r,CB,230,GLU,42,A,Carbon,1.06,0,18.25,1
r,CG,231,GLU,42,A,Carbon,1.1,0,20.32,1
r,CD,232,GLU,42,A,Carbon,1.09,0,25.77,1
r,OE1,233,GLU,42,A,Oxygen,1.05,0,29.02,1
r,OE2,234,GLU,42,A,Oxygen,1,0,31.08,1
r,C,237,ILE,43,A,Carbon,1.12,0,16.86,1
r,O,238,ILE,43,A,Oxygen,1.1,0,15.9,1
r,CA,236,ILE,43,A,Carbon,1.12,0,16.71,1
r,N,235,ILE,43,A,Nitrogen,1.12,0,16.36,1
r,CB,239,ILE,43,A,Carbon,1.13,0,18.69,1
r,CG1,240,ILE,43,A,Carbon,1,0,19.38,1
r,CD1,242,ILE,43,A,Carbon,0.9,0,21.94,1
r,CG2,241,ILE,43,A,Carbon,0.94,0,20.67,1
r,C,245,PHE,44,A,Carbon,1.09,0,14.13,1
r,O,246,PHE,44,A,Oxygen,1.11,0,14.24,1
r,CA,244,PHE,44,A,Carbon,1.07,0,15,1
r,N,243,PHE,44,A,Nitrogen,1.14,0,15.45,1
r,CB,247,PHE,44,A,Carbon,1.06,0,14.79,1
r,CG,248,PHE,44,A,Carbon,1.08,0,14.26,1
r,CD1,249,PHE,44,A,Carbon,1.04,0,15.16,1
r,CE1,251,PHE,44,A,Carbon,0.97,0,14.98,1
r,CZ,253,PHE,44,A,Carbon,1.03,0,14.26,1
r,CE2,252,PHE,44,A,Carbon,1.01,0,14.1,1
r,CD2,250,PHE,44,A,Carbon,1.04,0,14.46,1
r,C,256,LEU,45,A,Carbon,1.12,0,15.01,1
r,O,257,LEU,45,A,Oxygen,1.1,0,14.8,1
r,CA,255,LEU,45,A,Carbon,1.11,0,13.81,1
r,N,254,LEU,45,A,Nitrogen,1.11,0,14.19,1
r,CB,258,LEU,45,A,Carbon,1.06,0,14.67,1
r,CG,259,LEU,45,A,Carbon,1.11,0,14.82,1
r,CD1,260,LEU,45,A,Carbon,1.02,0,15.88,1
r,CD2,261,LEU,45,A,Carbon,0.91,0,17.13,1
r,C,264,ARG,46,A,Carbon,1.1,0,14.97,1
r,O,265,ARG,46,A,Oxygen,1.12,0,15,1
r,CA,263,ARG,46,A,Carbon,1.11,0,15.69,1
r,N,262,ARG,46,A,Nitrogen,1.13,0,14.76,1
r,CB,266,ARG,46,A,Carbon,1.06,0,18.49,1
r,CG,267,ARG,46,A,Carbon,1,0,22.88,1
r,CD,268,ARG,46,A,Carbon,0.97,0,25.21,1
r,NE,269,ARG,46,A,Nitrogen,1.02,0,28.81,1
r,CZ,270,ARG,46,A,Carbon,1.09,0,29.13,1
r,NH1,271,ARG,46,A,Nitrogen,0.93,0,30,1
r,NH2,272,ARG,46,A,Nitrogen,0.98,0,30.1,1
r,C,275,GLU,47,A,Carbon,1.12,0,14.12,1
r,O,276,GLU,47,A,Oxygen,1.13,0,14.29,1
r,CA,274,GLU,47,A,Carbon,1.11,0,14.72,1
r,N,273,GLU,47,A,Nitrogen,1.14,0,14.02,1
r,CB,277,GLU,47,A,Carbon,1.03,0,15.4,1
r,CG,278,GLU,47,A,Carbon,1.04,0,17.69,1
r,CD,279,GLU,47,A,Carbon,1.13,0,20.86,1
r,OE1,280,GLU,47,A,Oxygen,1.12,0,20.12,1
r,OE2,281,GLU,47,A,Oxygen,1.01,0,24.45,1
r,C,284,LEU,48,A,Carbon,1.08,0,12.89,1
r,O,285,LEU,48,A,Oxygen,1.12,0,13.29,1
r,CA,283,LEU,48,A,Carbon,1.1,0,12.5,1
r,N,282,LEU,48,A,Nitrogen,1.12,0,12.95,1
r,CB,286,LEU,48,A,Carbon,1.07,0,13.22,1
r,CG,287,LEU,48,A,Carbon,1.05,0,14.16,1
r,CD1,288,LEU,48,A,Carbon,0.98,0,14.42,1
r,CD2,289,LEU,48,A,Carbon,0.94,0,14.82,1
r,C,292,ILE,49,A,Carbon,1.12,0,14.69,1
r,O,293,ILE,49,A,Oxygen,1.12,0,14.6,1
r,CA,291,ILE,49,A,Carbon,1.12,0,13.48,1
r,N,290,ILE,49,A,Nitrogen,1.13,0,13,1
r,CB,294,ILE,49,A,Carbon,1.13,0,13.76,1
r,CG1,295,ILE,49,A,Carbon,1.08,0,13.6,1
r,CD1,297,ILE,49,A,Carbon,0.98,0,14.4,1
r,CG2,296,ILE,49,A,Carbon,1.01,0,14.29,1
r,C,301,SER,50,A,Carbon,1.1,0,14.84,1
r,O,302,SER,50,A,Oxygen,1.1,0,15.75,1
r,CA,299,SER,50,A,Carbon,1.09,0,15.1,0.5
r,N,298,SER,50,A,Nitrogen,1.12,0,14.16,1
r,CB,303,SER,50,A,Carbon,0.92,0,16.25,0.5
r,OG,305,SER,50,A,Oxygen,0.44,3,18.82,0.5
r,C,309,ASN,51,A,Carbon,1.12,0,14.6,1
r,O,310,ASN,51,A,Oxygen,1.1,0,14.39,1
r,CA,308,ASN,51,A,Carbon,1.1,0,14.52,1
r,N,307,ASN,51,A,Nitrogen,1.15,0,14.06,1
r,CB,311,ASN,51,A,Carbon,1.06,0,15.15,1
r,CG,312,ASN,51,A,Carbon,1.12,0,17.92,1
r,OD1,313,ASN,51,A,Oxygen,1.1,0,19.99,1
r,ND2,314,ASN,51,A,Nitrogen,1.01,0,18.16,1
r,C,317,SER,52,A,Carbon,1.11,0,14.13,1
r,O,318,SER,52,A,Oxygen,1.15,0,13.71,1
r,CA,316,SER,52,A,Carbon,1.12,0,13.39,1
r,N,315,SER,52,A,Nitrogen,1.12,0,13.35,1
r,CB,319,SER,52,A,Carbon,1.05,0,13.66,1
r,OG,320,SER,52,A,Oxygen,1.11,0,14.99,1
r,C,323,SER,53,A,Carbon,1.09,0,14.89,1
r,O,324,SER,53,A,Oxygen,1.1,0,14.55,1
r,CA,322,SER,53,A,Carbon,1.11,0,14.64,1
r,N,321,SER,53,A,Nitrogen,1.13,0,13.64,1
r,CB,325,SER,53,A,Carbon,1.07,0,15.03,1
r,OG,326,SER,53,A,Oxygen,1.05,0,16.49,1
r,C,329,ASP,54,A,Carbon,1.13,0,15.89,1
r,O,330,ASP,54,A,Oxygen,1.14,0,16.27,1
r,CA,328,ASP,54,A,Carbon,1.12,0,16.01,1
r,N,327,ASP,54,A,Nitrogen,1.14,0,15.62,1
r,CB,331,ASP,54,A,Carbon,1.09,0,17.33,1
r,CG,332,ASP,54,A,Carbon,1.14,0,19.64,1
r,OD1,333,ASP,54,A,Oxygen,1.07,0,21.3,1
r,OD2,334,ASP,54,A,Oxygen,1.07,0,20.73,1
r,C,337,ALA,55,A,Carbon,1.12,0,14.33,1
r,O,338,ALA,55,A,Oxygen,1.11,0,14.3,1
r,CA,336,ALA,55,A,Carbon,1.1,0,14.9,1
r,N,335,ALA,55,A,Nitrogen,1.09,0,15.11,1
r,CB,339,ALA,55,A,Carbon,1.01,0,15.01,1
r,C,342,LEU,56,A,Carbon,1.11,0,14.84,1
r,O,343,LEU,56,A,Oxygen,1.1,0,15.44,1
r,CA,341,LEU,56,A,Carbon,1.11,0,13.46,1
r,N,340,LEU,56,A,Nitrogen,1.1,0,13.64,1
r,CB,344,LEU,56,A,Carbon,1.05,0,12.45,1
r,CG,345,LEU,56,A,Carbon,1.1,0,13.03,1
r,CD1,346,LEU,56,A,Carbon,0.97,0,13.64,1
r,CD2,347,LEU,56,A,Carbon,1.02,0,13.8,1
r,C,350,ASP,57,A,Carbon,1.13,0,16.15,1
r,O,351,ASP,57,A,Oxygen,1.1,0,16.41,1
r,CA,349,ASP,57,A,Carbon,1.13,0,15.9,1
r,N,348,ASP,57,A,Nitrogen,1.13,0,14.82,1
r,CB,352,ASP,57,A,Carbon,1.1,0,17.15,1
r,CG,353,ASP,57,A,Carbon,1.11,0,19.69,1
r,OD1,354,ASP,57,A,Oxygen,1.04,0,21.84,1
r,OD2,355,ASP,57,A,Oxygen,1.08,0,20.98,1
r,C,358,LYS,58,A,Carbon,1.13,0,17.2,1
r,O,359,LYS,58,A,Oxygen,1.12,0,18.6,1
r,CA,357,LYS,58,A,Carbon,1.12,0,16.2,1
r,N,356,LYS,58,A,Nitrogen,1.1,0,15.74,1
r,CB,360,LYS,58,A,Carbon,1.04,0,17.54,1
r,CG,361,LYS,58,A,Carbon,0.96,0,19.35,1
r,CD,362,LYS,58,A,Carbon,0.99,0,21.52,1
r,CE,363,LYS,58,A,Carbon,0.91,0,25.19,1
r,NZ,364,LYS,58,A,Nitrogen,0.73,3,28.07,0.8
r,C,367,ILE,59,A,Carbon,1.13,0,18.21,1
r,O,368,ILE,59,A,Oxygen,1.08,0,19.46,1
r,CA,366,ILE,59,A,Carbon,1.12,0,17.37,1
r,N,365,ILE,59,A,Nitrogen,1.09,0,17.16,1
r,CB,369,ILE,59,A,Carbon,1.09,0,16.75,1
r,CG1,370,ILE,59,A,Carbon,1.05,0,17.38,1
r,CD1,372,ILE,59,A,Carbon,0.97,0,18.27,1
r,CG2,371,ILE,59,A,Carbon,1,0,15.82,1
r,C,375,ARG,60,A,Carbon,1.03,0,19.78,1
r,O,376,ARG,60,A,Oxygen,0.89,0,19.59,1
r,CA,374,ARG,60,A,Carbon,1.12,0,17.93,1
r,N,373,ARG,60,A,Nitrogen,1.11,0,17.39,1
r,CB,377,ARG,60,A,Carbon,0.97,0,18.87,1
r,CG,378,ARG,60,A,Carbon,0.88,0,22.14,1
r,CD,379,ARG,60,A,Carbon,0.92,0,26.3,0.7
r,NE,380,ARG,60,A,Nitrogen,0.77,0,29.19,0.7
r,CZ,381,ARG,60,A,Carbon,0.78,0,31.76,0.7
r,NH1,382,ARG,60,A,Nitrogen,0.76,0,29.73,0.7
r,NH2,383,ARG,60,A,Nitrogen,0.42,3,34.91,0.7
r,C,386,TYR,61,A,Carbon,1.1,0,20.99,1
r,O,387,TYR,61,A,Oxygen,1.1,0,21.22,1
r,CA,385,TYR,61,A,Carbon,1.08,0,20.79,1
r,N,384,TYR,61,A,Nitrogen,1.1,0,18.36,1
r,CB,388,TYR,61,A,Carbon,1.01,0,20.87,1
r,CG,389,TYR,61,A,Carbon,1.09,0,21.93,1
r,CD1,390,TYR,61,A,Carbon,0.98,0,22.97,1
r,CE1,392,TYR,61,A,Carbon,0.93,0,24.09,1
r,CZ,394,TYR,61,A,Carbon,1.1,0,24.55,1
r,OH,395,TYR,61,A,Oxygen,1.01,0,27.72,1
r,CE2,393,TYR,61,A,Carbon,1.06,0,25.05,1
r,CD2,391,TYR,61,A,Carbon,1.04,0,23.94,1
r,C,398,GLU,62,A,Carbon,1.1,0,21.7,1
r,O,399,GLU,62,A,Oxygen,1.07,0,22.81,1
r,CA,397,GLU,62,A,Carbon,1.11,0,21.48,1
r,N,396,GLU,62,A,Nitrogen,1.1,0,19.88,1
r,CB,400,GLU,62,A,Carbon,1.04,0,22.78,1
r,CG,401,GLU,62,A,Carbon,0.87,0,25.72,1
r,CD,402,GLU,62,A,Carbon,0.64,3,28.32,0.5
r,OE1,403,GLU,62,A,Oxygen,0.75,3,29.69,0.5
r,OE2,404,GLU,62,A,Oxygen,0.52,3,29.57,0.5
r,C,407,SER,63,A,Carbon,1.06,0,23.99,1
r,O,408,SER,63,A,Oxygen,0.95,0,25.9,1
r,CA,406,SER,63,A,Carbon,1.09,0,23.27,1
r,N,405,SER,63,A,Nitrogen,1.07,0,22.35,1
r,CB,409,SER,63,A,Carbon,1.02,0,24.68,1
r,OG,410,SER,63,A,Oxygen,1.03,0,25.25,1
r,C,413,LEU,64,A,Carbon,1.05,0,25.84,1
r,O,414,LEU,64,A,Oxygen,1.04,0,27.03,1
r,CA,412,LEU,64,A,Carbon,1.06,0,22.79,1
r,N,411,LEU,64,A,Nitrogen,1.04,0,22.06,1
r,CB,415,LEU,64,A,Carbon,0.99,0,23.26,1
r,CG,416,LEU,64,A,Carbon,1.08,0,22.32,1
r,CD1,417,LEU,64,A,Carbon,0.97,0,22.62,1
r,CD2,418,LEU,64,A,Carbon,0.89,0,23.27,1
r,C,421,THR,65,A,Carbon,1.06,0,32.19,1
r,O,422,THR,65,A,Oxygen,0.99,0,35.01,1
r,CA,420,THR,65,A,Carbon,1.04,0,30.8,1
r,N,419,THR,65,A,Nitrogen,1.03,0,25.7,1
r,CB,423,THR,65,A,Carbon,1.03,0,31.94,1
r,OG1,424,THR,65,A,Oxygen,0.83,0,34.09,1
r,CG2,425,THR,65,A,Carbon,0.65,3,33.49,1
r,C,428,ASP,66,A,Carbon,1.01,0,28.45,1
r,O,429,ASP,66,A,Oxygen,0.96,0,28.78,1
r,CA,427,ASP,66,A,Carbon,1.05,0,29.13,1
r,N,426,ASP,66,A,Nitrogen,0.99,0,28.97,1
r,CB,430,ASP,66,A,Carbon,0.94,0,31.21,1
r,CG,431,ASP,66,A,Carbon,1.05,0,34.41,1
r,OD1,432,ASP,66,A,Oxygen,0.97,0,34.73,1
r,OD2,433,ASP,66,A,Oxygen,0.96,0,34.57,1
r,C,436,PRO,67,A,Carbon,1.04,0,27.75,1
r,O,437,PRO,67,A,Oxygen,0.95,0,28.41,1
r,CA,435,PRO,67,A,Carbon,0.98,0,28.23,1
r,N,434,PRO,67,A,Nitrogen,1.06,0,28.81,1
r,CD,440,PRO,67,A,Carbon,0.98,0,30.43,1
r,CG,439,PRO,67,A,Carbon,0.75,3,33.44,1
r,CB,438,PRO,67,A,Carbon,0.95,0,30.73,1
r,C,443,SER,68,A,Carbon,1.07,0,25.99,1
r,O,444,SER,68,A,Oxygen,0.95,0,24.72,1
r,CA,442,SER,68,A,Carbon,1.06,0,26.2,1
r,N,441,SER,68,A,Nitrogen,1,0,27.06,1
r,CB,445,SER,68,A,Carbon,1.05,0,27.29,1
r,OG,446,SER,68,A,Oxygen,0.97,0,31.07,1
r,C,449,LYS,69,A,Carbon,1.05,0,24.41,1
r,O,450,LYS,69,A,Oxygen,1.04,0,22.45,1
r,CA,448,LYS,69,A,Carbon,1.05,0,25.84,1
r,N,447,LYS,69,A,Nitrogen,1.04,0,25.06,1
r,CB,451,LYS,69,A,Carbon,1.02,0,26.12,1
r,CG,452,LYS,69,A,Carbon,1.03,0,29.45,1
r,CD,453,LYS,69,A,Carbon,0.85,0,32.23,1
r,CE,454,LYS,69,A,Carbon,0.95,0,32.88,1
r,NZ,455,LYS,69,A,Nitrogen,0.61,3,40.49,1
r,C,458,LEU,70,A,Carbon,1.08,0,23.13,1
r,O,459,LEU,70,A,Oxygen,1.07,0,23.59,1
r,CA,457,LEU,70,A,Carbon,1.05,0,23.54,1
r,N,456,LEU,70,A,Nitrogen,1.04,0,22.13,1
r,CB,460,LEU,70,A,Carbon,1.05,0,23.34,1
r,CG,461,LEU,70,A,Carbon,1.09,0,23.48,1
r,CD1,462,LEU,70,A,Carbon,0.93,0,23.41,1
r,CD2,463,LEU,70,A,Carbon,0.93,0,23.01,1
r,C,466,ASP,71,A,Carbon,1.07,0,27.57,1
r,O,467,ASP,71,A,Oxygen,1.02,0,28.89,1
r,CA,465,ASP,71,A,Carbon,1.06,0,26.92,1
r,N,464,ASP,71,A,Nitrogen,0.98,0,25.96,1
r,CB,468,ASP,71,A,Carbon,0.98,0,29.02,1
r,CG,469,ASP,71,A,Carbon,1.1,0,31.83,1
r,OD1,470,ASP,71,A,Oxygen,0.98,0,33.54,1
r,OD2,471,ASP,71,A,Oxygen,0.93,0,35.59,1
r,C,474,SER,72,A,Carbon,1.07,0,26.04,1
r,O,475,SER,72,A,Oxygen,1.04,0,27.42,1
r,CA,473,SER,72,A,Carbon,1.07,0,24.17,1
r,N,472,SER,72,A,Nitrogen,1.06,0,24.35,1
r,CB,476,SER,72,A,Carbon,0.99,0,23.7,1
r,OG,477,SER,72,A,Oxygen,1.03,0,21.93,1
r,C,480,GLY,73,A,Carbon,1.13,0,23.48,1
r,O,481,GLY,73,A,Oxygen,1.04,0,22.18,1
r,CA,479,GLY,73,A,Carbon,1.04,0,23.65,1
r,N,478,GLY,73,A,Nitrogen,1.07,0,23.21,1
r,C,484,LYS,74,A,Carbon,1.12,0,22.99,1
r,O,485,LYS,74,A,Oxygen,1.08,0,25.45,1
r,CA,483,LYS,74,A,Carbon,1.11,0,24.7,1
r,N,482,LYS,74,A,Nitrogen,1.09,0,24.44,1
r,CB,486,LYS,74,A,Carbon,1.03,0,28.71,1
r,CG,487,LYS,74,A,Carbon,0.89,0,31.46,1
r,CD,488,LYS,74,A,Carbon,0.85,0,34.31,1
r,CE,489,LYS,74,A,Carbon,-1,-1,39.25,1
r,C,492,GLU,75,A,Carbon,1.12,0,18.25,1
r,O,493,GLU,75,A,Oxygen,1.07,0,20.52,1
r,CA,491,GLU,75,A,Carbon,1.07,0,21.09,1
r,N,490,GLU,75,A,Nitrogen,1.12,0,21.41,1
r,CB,494,GLU,75,A,Carbon,0.98,0,24.97,1
r,CG,495,GLU,75,A,Carbon,0.6,3,28.46,0.7
r,CD,496,GLU,75,A,Carbon,0.79,0,30.12,0.7
r,OE1,497,GLU,75,A,Oxygen,0.89,0,30.66,0.7
r,OE2,498,GLU,75,A,Oxygen,0.65,3,35.44,0.7
r,C,501,LEU,76,A,Carbon,1.12,0,15.67,1
r,O,502,LEU,76,A,Oxygen,1.1,0,17.46,1
r,CA,500,LEU,76,A,Carbon,1.12,0,15.9,1
r,N,499,LEU,76,A,Nitrogen,1.13,0,17.64,1
r,CB,503,LEU,76,A,Carbon,1.05,0,17.28,1
r,CG,504,LEU,76,A,Carbon,1.1,0,18.4,1
r,CD1,505,LEU,76,A,Carbon,0.84,0,22.68,1
r,CD2,506,LEU,76,A,Carbon,0.93,0,19.11,1
r,C,510,HIS,77,A,Carbon,1.12,0,13.56,1
r,O,511,HIS,77,A,Oxygen,1.05,0,13.12,1
r,CA,508,HIS,77,A,Carbon,1.04,0,14.55,0.6
r,N,507,HIS,77,A,Nitrogen,1.09,0,14.8,1
r,CB,512,HIS,77,A,Carbon,0.95,0,16.1,0.6
r,CG,514,HIS,77,A,Carbon,1.04,0,16.25,0.6
r,ND1,516,HIS,77,A,Nitrogen,0.88,0,18.91,0.6
r,CE1,520,HIS,77,A,Carbon,0.79,0,18.42,0.6
r,NE2,522,HIS,77,A,Nitrogen,1.05,0,18.65,0.6
r,CD2,518,HIS,77,A,Carbon,0.85,0,17.97,0.6
r,C,526,ILE,78,A,Carbon,1.1,0,14.31,1
r,O,527,ILE,78,A,Oxygen,1.1,0,14.9,1
r,CA,525,ILE,78,A,Carbon,1.14,0,13.26,1
r,N,524,ILE,78,A,Nitrogen,1.15,0,13.28,1
r,CB,528,ILE,78,A,Carbon,1.14,0,14.12,1
r,CG1,529,ILE,78,A,Carbon,1.03,0,14.2,1
r,CD1,531,ILE,78,A,Carbon,0.97,0,15.53,1
r,CG2,530,ILE,78,A,Carbon,1.07,0,14.16,1
r,C,534,ASN,79,A,Carbon,1.1,0,13.67,1
r,O,535,ASN,79,A,Oxygen,1.11,0,13.93,1
r,CA,533,ASN,79,A,Carbon,1.13,0,13.62,1
r,N,532,ASN,79,A,Nitrogen,1.13,0,13.57,1
r,CB,536,ASN,79,A,Carbon,1.04,0,14.37,1
r,CG,537,ASN,79,A,Carbon,1.11,0,16.9,1
r,OD1,538,ASN,79,A,Oxygen,1.11,0,17.74,1
r,ND2,539,ASN,79,A,Nitrogen,1.04,0,18.26,1
r,C,542,LEU,80,A,Carbon,1.11,0,13.3,1
r,O,543,LEU,80,A,Oxygen,1.11,0,13.98,1
r,CA,541,LEU,80,A,Carbon,1.13,0,12.41,1
r,N,540,LEU,80,A,Nitrogen,1.11,0,13.09,1
r,CB,544,LEU,80,A,Carbon,1.08,0,13.62,1
r,CG,545,LEU,80,A,Carbon,1.13,0,13.18,1
r,CD1,546,LEU,80,A,Carbon,0.99,0,14.58,1
r,CD2,547,LEU,80,A,Carbon,0.94,0,13.74,1
r,C,550,ILE,81,A,Carbon,1.09,0,14.1,1
r,O,551,ILE,81,A,Oxygen,1.08,0,15.09,1
r,CA,549,ILE,81,A,Carbon,1.1,0,14.09,1
r,N,548,ILE,81,A,Nitrogen,1.11,0,13.65,1
r,CB,552,ILE,81,A,Carbon,1.15,0,13.96,1
r,CG1,553,ILE,81,A,Carbon,1.09,0,14.32,1
r,CD1,555,ILE,81,A,Carbon,1.05,0,15.97,1
r,CG2,554,ILE,81,A,Carbon,1.04,0,14.6,1
r,C,558,PRO,82,A,Carbon,1.15,0,17.04,1
r,O,559,PRO,82,A,Oxygen,1.1,0,18.84,1
r,CA,557,PRO,82,A,Carbon,1.14,0,15.88,1
r,N,556,PRO,82,A,Nitrogen,1.14,0,15.74,1
r,CD,562,PRO,82,A,Carbon,1.09,0,16.97,1
r,CG,561,PRO,82,A,Carbon,1.04,0,17.48,1
r,CB,560,PRO,82,A,Carbon,1.03,0,17.76,1
r,C,565,ASN,83,A,Carbon,1.05,0,20.44,1
r,O,566,ASN,83,A,Oxygen,1.05,0,18.59,1
r,CA,564,ASN,83,A,Carbon,1.08,0,19.26,1
r,N,563,ASN,83,A,Nitrogen,1.11,0,17.33,1
r,CB,567,ASN,83,A,Carbon,1.05,0,19.61,1
r,CG,568,ASN,83,A,Carbon,1.12,0,22.87,1
r,OD1,569,ASN,83,A,Oxygen,1.03,0,23.69,1
r,ND2,570,ASN,83,A,Nitrogen,0.97,0,24.39,1
r,C,573,LYS,84,A,Carbon,1.02,0,26.37,1
r,O,574,LYS,84,A,Oxygen,0.95,0,26.68,1
r,CA,572,LYS,84,A,Carbon,1.05,0,24.65,1
r,N,571,LYS,84,A,Nitrogen,1.06,0,22.22,1
r,CB,575,LYS,84,A,Carbon,1,0,26.71,1
r,CG,576,LYS,84,A,Carbon,1.01,0,26,1
r,CD,577,LYS,84,A,Carbon,0.93,0,29.39,1
r,CE,578,LYS,84,A,Carbon,0.98,0,29.82,1
r,NZ,579,LYS,84,A,Nitrogen,0.77,0,32.48,1
r,C,582,GLN,85,A,Carbon,0.99,0,29.94,1
r,O,583,GLN,85,A,Oxygen,0.97,0,28.68,1
r,CA,581,GLN,85,A,Carbon,1.02,0,29.72,1
r,N,580,GLN,85,A,Nitrogen,0.99,0,27.7,1
r,CB,584,GLN,85,A,Carbon,0.93,0,30.77,1
r,CG,585,GLN,85,A,Carbon,-1,-1,33.66,0.7
r,CD,586,GLN,85,A,Carbon,0.67,3,35.12,0.7
r,OE1,587,GLN,85,A,Oxygen,0.71,3,37.02,0.7
r,NE2,588,GLN,85,A,Nitrogen,0.54,3,35.94,0.7
r,C,591,ASP,86,A,Carbon,1.12,0,22,1
r,O,592,ASP,86,A,Oxygen,1.09,0,21,1
r,CA,590,ASP,86,A,Carbon,1.06,0,24.94,1
r,N,589,ASP,86,A,Nitrogen,0.99,0,25.12,1
r,CB,593,ASP,86,A,Carbon,0.95,0,27.12,1
r,CG,594,ASP,86,A,Carbon,1.08,0,32.43,1
r,OD1,595,ASP,86,A,Oxygen,0.97,0,33.28,1
r,OD2,596,ASP,86,A,Oxygen,0.9,0,33.35,1
r,C,599,ARG,87,A,Carbon,1.13,0,18.93,1
r,O,600,ARG,87,A,Oxygen,1.04,0,18.17,1
r,CA,598,ARG,87,A,Carbon,1.08,0,20.14,1
r,N,597,ARG,87,A,Nitrogen,1.06,0,21.59,1
r,CB,601,ARG,87,A,Carbon,1.04,0,22.24,1
r,CG,602,ARG,87,A,Carbon,1,0,24.57,1
r,CD,603,ARG,87,A,Carbon,0.8,0,31.29,1
r,NE,604,ARG,87,A,Nitrogen,1.02,0,32.82,1
r,CZ,605,ARG,87,A,Carbon,1.08,0,33.02,1
r,NH1,606,ARG,87,A,Nitrogen,0.98,0,31.99,1
r,NH2,607,ARG,87,A,Nitrogen,0.93,0,33.46,1
r,C,610,THR,88,A,Carbon,1.12,0,15.96,1
r,O,611,THR,88,A,Oxygen,1.1,0,16.05,1
r,CA,609,THR,88,A,Carbon,1.09,0,16.36,1
r,N,608,THR,88,A,Nitrogen,1.12,0,17.51,1
r,CB,612,THR,88,A,Carbon,1.13,0,16.56,1
r,OG1,613,THR,88,A,Oxygen,1.07,0,17.52,1
r,CG2,614,THR,88,A,Carbon,0.92,0,18.41,1
r,C,617,LEU,89,A,Carbon,1.13,0,13.71,1
r,O,618,LEU,89,A,Oxygen,1.11,0,14.33,1
r,CA,616,LEU,89,A,Carbon,1.11,0,13.93,1
r,N,615,LEU,89,A,Nitrogen,1.11,0,14.35,1
r,CB,619,LEU,89,A,Carbon,0.99,0,13.91,1
r,CG,620,LEU,89,A,Carbon,1.12,0,14.13,1
r,CD1,621,LEU,89,A,Carbon,1.04,0,15.1,1
r,CD2,622,LEU,89,A,Carbon,1.03,0,15.2,1
r,C,625,THR,90,A,Carbon,1.1,0,13.73,1
r,O,626,THR,90,A,Oxygen,1.11,0,14.89,1
r,CA,624,THR,90,A,Carbon,1.11,0,13.38,1
r,N,623,THR,90,A,Nitrogen,1.13,0,13.79,1
r,CB,627,THR,90,A,Carbon,1.06,0,14.78,1
r,OG1,628,THR,90,A,Oxygen,1.06,0,16.43,1
r,CG2,629,THR,90,A,Carbon,1.03,0,15.49,1
r,C,632,ILE,91,A,Carbon,1.15,0,14.46,1
r,O,633,ILE,91,A,Oxygen,1.11,0,14.12,1
r,CA,631,ILE,91,A,Carbon,1.14,0,14.01,1
r,N,630,ILE,91,A,Nitrogen,1.11,0,13.44,1
r,CB,634,ILE,91,A,Carbon,1.15,0,14.75,1
r,CG1,635,ILE,91,A,Carbon,1.06,0,16.19,1
r,CD1,637,ILE,91,A,Carbon,0.92,0,19.54,1
r,CG2,636,ILE,91,A,Carbon,1.06,0,14.65,1
r,C,640,VAL,92,A,Carbon,1.14,0,15.73,1
r,O,641,VAL,92,A,Oxygen,1.12,0,16.52,1
r,CA,639,VAL,92,A,Carbon,1.13,0,14.66,1
r,N,638,VAL,92,A,Nitrogen,1.12,0,15.17,1
r,CB,642,VAL,92,A,Carbon,1.09,0,16.47,1
r,CG1,643,VAL,92,A,Carbon,1.01,0,18.87,1
r,CG2,644,VAL,92,A,Carbon,0.9,0,18.51,1
r,C,647,ASP,93,A,Carbon,1.12,0,14.82,1
r,O,648,ASP,93,A,Oxygen,1.13,0,15.49,1
r,CA,646,ASP,93,A,Carbon,1.15,0,14.55,1
r,N,645,ASP,93,A,Nitrogen,1.12,0,14.44,1
r,CB,649,ASP,93,A,Carbon,1.1,0,14.34,1
r,CG,650,ASP,93,A,Carbon,1.1,0,15.59,1
r,OD1,651,ASP,93,A,Oxygen,1.11,0,15.83,1
r,OD2,652,ASP,93,A,Oxygen,1.06,0,14.68,1
r,C,655,THR,94,A,Carbon,1.1,0,14.24,1
r,O,656,THR,94,A,Oxygen,1.11,0,15.21,1
r,CA,654,THR,94,A,Carbon,1.12,0,14.5,1
r,N,653,THR,94,A,Nitrogen,1.11,0,13.69,1
r,CB,657,THR,94,A,Carbon,1.11,0,14.4,1
r,OG1,658,THR,94,A,Oxygen,1.11,0,15.19,1
r,CG2,659,THR,94,A,Carbon,0.98,0,15.63,1
r,C,662,GLY,95,A,Carbon,1.09,0,13.91,1
r,O,663,GLY,95,A,Oxygen,1.11,0,15.88,1
r,CA,661,GLY,95,A,Carbon,1.05,0,13.48,1
r,N,660,GLY,95,A,Nitrogen,1.12,0,13.43,1
r,C,666,ILE,96,A,Carbon,1.15,0,16.66,1
r,O,667,ILE,96,A,Oxygen,1.1,0,16.35,1
r,CA,665,ILE,96,A,Carbon,1.09,0,15.54,1
r,N,664,ILE,96,A,Nitrogen,1.12,0,13.9,1
r,CB,668,ILE,96,A,Carbon,1.07,0,16.91,1
r,CG1,669,ILE,96,A,Carbon,1.03,0,19.33,1
r,CD1,671,ILE,96,A,Carbon,0.8,0,21.32,1
r,CG2,670,ILE,96,A,Carbon,0.98,0,17.24,1
r,C,674,GLY,97,A,Carbon,1.14,0,16.17,1
r,O,675,GLY,97,A,Oxygen,1.09,0,18.26,1
r,CA,673,GLY,97,A,Carbon,1.02,0,15.8,1
r,N,672,GLY,97,A,Nitrogen,1.1,0,15.77,1
r,C,678,MET,98,A,Carbon,1.11,0,17.63,1
r,O,679,MET,98,A,Oxygen,1.09,0,19.93,1
r,CA,677,MET,98,A,Carbon,1.13,0,18.33,1
r,N,676,MET,98,A,Nitrogen,1.11,0,16.75,1
r,CB,680,MET,98,A,Carbon,1.03,0,18.23,1
r,CG,681,MET,98,A,Carbon,0.96,0,19.18,1
r,SD,682,MET,98,A,Sulfur,1.08,0,20.83,1
r,CE,683,MET,98,A,Carbon,0.88,0,22.12,1
r,C,686,THR,99,A,Carbon,1.12,0,19.45,1
r,O,687,THR,99,A,Oxygen,1.07,0,18.05,1
r,CA,685,THR,99,A,Carbon,1.09,0,18.95,1
r,N,684,THR,99,A,Nitrogen,1.1,0,17.76,1
r,CB,688,THR,99,A,Carbon,1.13,0,20.18,1
r,OG1,689,THR,99,A,Oxygen,1.08,0,20.55,1
r,CG2,690,THR,99,A,Carbon,0.92,0,23.09,1
r,C,693,LYS,100,A,Carbon,1.1,0,19.14,1
r,O,694,LYS,100,A,Oxygen,1.07,0,18.08,1
r,CA,692,LYS,100,A,Carbon,1.09,0,19.69,1
r,N,691,LYS,100,A,Nitrogen,1.1,0,19.16,1
r,CB,695,LYS,100,A,Carbon,1.08,0,19.77,1
r,CG,696,LYS,100,A,Carbon,0.99,0,20.91,1
r,CD,697,LYS,100,A,Carbon,1.03,0,22.38,1
r,CE,698,LYS,100,A,Carbon,0.99,0,23.68,1
r,NZ,699,LYS,100,A,Nitrogen,0.94,0,25.47,1
r,C,702,ALA,101,A,Carbon,1.13,0,21.25,1
r,O,703,ALA,101,A,Oxygen,1.09,0,22.31,1
r,CA,701,ALA,101,A,Carbon,1.08,0,21.74,1
r,N,700,ALA,101,A,Nitrogen,1.05,0,19.52,1
r,CB,704,ALA,101,A,Carbon,0.95,0,23.02,1
r,C,707,ASP,102,A,Carbon,1.11,0,18.26,1
r,O,708,ASP,102,A,Oxygen,1.1,0,17.64,1
r,CA,706,ASP,102,A,Carbon,1.09,0,20.77,1
r,N,705,ASP,102,A,Nitrogen,1.13,0,20.87,1
r,CB,709,ASP,102,A,Carbon,0.94,0,22.88,1
r,CG,710,ASP,102,A,Carbon,1.05,0,29.27,1
r,OD1,711,ASP,102,A,Oxygen,0.98,0,31.5,1
r,OD2,712,ASP,102,A,Oxygen,1,0,29.21,1
r,C,715,LEU,103,A,Carbon,1.09,0,18.57,1
r,O,716,LEU,103,A,Oxygen,1.06,0,17.96,1
r,CA,714,LEU,103,A,Carbon,1.11,0,17.31,1
r,N,713,LEU,103,A,Nitrogen,1.09,0,17.4,1
r,CB,717,LEU,103,A,Carbon,1.02,0,18.67,1
r,CG,718,LEU,103,A,Carbon,1.08,0,18.47,1
r,CD1,719,LEU,103,A,Carbon,1,0,16.75,1
r,CD2,720,LEU,103,A,Carbon,0.99,0,16.69,1
r,C,723,ILE,104,A,Carbon,1.12,0,16.73,1
r,O,724,ILE,104,A,Oxygen,1.08,0,17.93,1
r,CA,722,ILE,104,A,Carbon,1.08,0,18.12,1
r,N,721,ILE,104,A,Nitrogen,1.1,0,17.63,1
r,CB,725,ILE,104,A,Carbon,1.14,0,18.89,1
r,CG1,726,ILE,104,A,Carbon,1.04,0,18.85,1
r,CD1,728,ILE,104,A,Carbon,0.89,0,20.6,1
r,CG2,727,ILE,104,A,Carbon,1.03,0,18.92,1
r,C,731,ASN,105,A,Carbon,1.13,0,17.75,1
r,O,732,ASN,105,A,Oxygen,1.1,0,17.85,1
r,CA,730,ASN,105,A,Carbon,1.12,0,17.81,1
r,N,729,ASN,105,A,Nitrogen,1.12,0,16.9,1
r,CB,733,ASN,105,A,Carbon,0.96,0,20.47,1
r,CG,734,ASN,105,A,Carbon,1.01,0,23.82,0.8
r,OD1,735,ASN,105,A,Oxygen,0.9,0,26.43,0.8
r,ND2,736,ASN,105,A,Nitrogen,0.9,0,25.3,0.8
r,C,739,ASN,106,A,Carbon,1.12,0,16.11,1
r,O,740,ASN,106,A,Oxygen,1.09,0,16.53,1
r,CA,738,ASN,106,A,Carbon,1.11,0,16.08,1
r,N,737,ASN,106,A,Nitrogen,1.12,0,15.93,1
r,CB,741,ASN,106,A,Carbon,1.07,0,17.08,1
r,CG,742,ASN,106,A,Carbon,1.16,0,19.23,1
r,OD1,743,ASN,106,A,Oxygen,1.07,0,19.16,1
r,ND2,744,ASN,106,A,Nitrogen,1.05,0,19.87,1
r,C,747,LEU,107,A,Carbon,1.12,0,16.6,1
r,O,748,LEU,107,A,Oxygen,1.12,0,17.09,1
r,CA,746,LEU,107,A,Carbon,1.11,0,16.09,1
r,N,745,LEU,107,A,Nitrogen,1.14,0,16.16,1
r,CB,749,LEU,107,A,Carbon,1.01,0,16.31,1
r,CG,750,LEU,107,A,Carbon,1.12,0,17.64,1
r,CD1,751,LEU,107,A,Carbon,0.87,0,17.79,1
r,CD2,752,LEU,107,A,Carbon,0.83,0,22.25,1
r,C,755,GLY,108,A,Carbon,1.12,0,20.29,1
r,O,756,GLY,108,A,Oxygen,1.08,0,22.37,1
r,CA,754,GLY,108,A,Carbon,1.05,0,18.55,1
r,N,753,GLY,108,A,Nitrogen,1.11,0,17.87,1
r,C,759,THR,109,A,Carbon,1.12,0,18.43,1
r,O,760,THR,109,A,Oxygen,1.08,0,19.62,1
r,CA,758,THR,109,A,Carbon,1.11,0,19.24,1
r,N,757,THR,109,A,Nitrogen,1.12,0,18.77,1
r,CB,761,THR,109,A,Carbon,1.12,0,19.76,1
r,OG1,762,THR,109,A,Oxygen,1.08,0,18.98,1
r,CG2,763,THR,109,A,Carbon,0.9,0,21.25,1
r,C,766,ILE,110,A,Carbon,1.14,0,19.09,1
r,O,767,ILE,110,A,Oxygen,1.12,0,17.79,1
r,CA,765,ILE,110,A,Carbon,1.1,0,19.67,1
r,N,764,ILE,110,A,Nitrogen,1.11,0,18.6,1
r,CB,768,ILE,110,A,Carbon,1.04,0,23.66,1
r,CG1,769,ILE,110,A,Carbon,1.01,0,27.74,1
r,CD1,771,ILE,110,A,Carbon,0.58,3,33.24,1
r,CG2,770,ILE,110,A,Carbon,0.93,0,25.91,1
r,C,774,ALA,111,A,Carbon,1.09,0,18.69,1
r,O,775,ALA,111,A,Oxygen,1.1,0,19.4,1
r,CA,773,ALA,111,A,Carbon,1.09,0,18.68,1
r,N,772,ALA,111,A,Nitrogen,1.11,0,18.55,1
r,CB,776,ALA,111,A,Carbon,0.93,0,20.7,1
r,C,779,LYS,112,A,Carbon,1.1,0,22.14,1
r,O,780,LYS,112,A,Oxygen,1.08,0,21.65,1
r,CA,778,LYS,112,A,Carbon,1.1,0,21.7,1
r,N,777,LYS,112,A,Nitrogen,1.12,0,18.17,1
r,CB,781,LYS,112,A,Carbon,1.02,0,22.72,1
r,CG,782,LYS,112,A,Carbon,1.01,0,27.38,1
r,CD,783,LYS,112,A,Carbon,0.94,0,28.87,1
r,CE,784,LYS,112,A,Carbon,0.63,3,33.8,1
r,NZ,785,LYS,112,A,Nitrogen,0.27,3,32.35,0.4
r,C,788,SER,113,A,Carbon,1.11,0,21.97,1
r,O,789,SER,113,A,Oxygen,1.06,0,23.13,1
r,CA,787,SER,113,A,Carbon,1.11,0,21.35,1
r,N,786,SER,113,A,Nitrogen,1.1,0,21.41,1
r,CB,790,SER,113,A,Carbon,1.11,0,23.95,1
r,OG,791,SER,113,A,Oxygen,1.04,0,26.65,1
r,C,794,GLY,114,A,Carbon,1.11,0,20.11,1
r,O,795,GLY,114,A,Oxygen,1.1,0,21.53,1
r,CA,793,GLY,114,A,Carbon,0.98,0,20.82,1
r,N,792,GLY,114,A,Nitrogen,1.1,0,20.98,1
r,C,798,THR,115,A,Carbon,1.11,0,22.82,1
r,O,799,THR,115,A,Oxygen,1.04,0,23.8,1
r,CA,797,THR,115,A,Carbon,1.09,0,20.35,1
r,N,796,THR,115,A,Nitrogen,1.08,0,20.05,1
r,CB,800,THR,115,A,Carbon,1.13,0,21.54,1
r,OG1,801,THR,115,A,Oxygen,1.1,0,20.48,1
r,CG2,802,THR,115,A,Carbon,0.9,0,21.18,1
r,C,805,LYS,116,A,Carbon,1.05,0,27.1,1
r,O,806,LYS,116,A,Oxygen,0.99,0,29.74,1
r,CA,804,LYS,116,A,Carbon,1.11,0,25.97,1
r,N,803,LYS,116,A,Nitrogen,1.11,0,22.79,1
r,CB,807,LYS,116,A,Carbon,0.93,0,27.17,1
r,CG,808,LYS,116,A,Carbon,0.77,3,33.31,1
r,CD,809,LYS,116,A,Carbon,0.79,0,38.03,1
r,CE,810,LYS,116,A,Carbon,0.91,0,41.16,1
r,NZ,811,LYS,116,A,Nitrogen,0.33,3,49.77,1
r,C,814,ALA,117,A,Carbon,0.92,0,28.73,1
r,O,815,ALA,117,A,Oxygen,0.85,0,30.11,1
r,CA,813,ALA,117,A,Carbon,1.03,0,25.99,1
r,N,812,ALA,117,A,Nitrogen,1.02,0,27.24,1
r,CB,816,ALA,117,A,Carbon,0.85,0,26.68,1
r,C,819,PHE,118,A,Carbon,0.9,2,27.29,1
r,O,820,PHE,118,A,Oxygen,0.91,0,29.33,1
r,CA,818,PHE,118,A,Carbon,1,0,26.33,1
r,N,817,PHE,118,A,Nitrogen,0.95,0,24.4,1
r,CB,821,PHE,118,A,Carbon,1.01,0,23.61,1
r,CG,822,PHE,118,A,Carbon,1.07,0,23.59,1
r,CD1,823,PHE,118,A,Carbon,1.02,0,23.16,1
r,CE1,825,PHE,118,A,Carbon,1.05,0,23.9,1
r,CZ,827,PHE,118,A,Carbon,1.02,0,23.17,1
r,CE2,826,PHE,118,A,Carbon,1,0,23.56,1
r,CD2,824,PHE,118,A,Carbon,1.02,0,21.83,1
r,C,830,MET,119,A,Carbon,0.93,2,36.07,1
r,O,831,MET,119,A,Oxygen,0.79,0,36.36,1
r,CA,829,MET,119,A,Carbon,0.92,0,33.15,1
r,N,828,MET,119,A,Nitrogen,0.86,0,29.32,1
r,CB,832,MET,119,A,Carbon,0.86,0,32.77,1
r,CG,833,MET,119,A,Carbon,0.75,0,34.84,1
r,SD,834,MET,119,A,Sulfur,0.84,0,38.26,1
r,CE,835,MET,119,A,Carbon,0.54,3,38.58,1
r,C,838,GLU,120,A,Carbon,0.8,2,41.72,1
r,O,839,GLU,120,A,Oxygen,0.58,0,42.85,1
r,CA,837,GLU,120,A,Carbon,0.94,0,41.5,1
r,N,836,GLU,120,A,Nitrogen,0.85,0,39.04,1
r,CB,840,GLU,120,A,Carbon,0.78,0,45.21,1
r,CG,841,GLU,120,A,Carbon,0.68,0,52.25,1
r,CD,842,GLU,120,A,Carbon,0.87,0,57.02,1
r,OE1,843,GLU,120,A,Oxygen,0.65,0,60.59,1
r,OE2,844,GLU,120,A,Oxygen,0.59,3,60.7,1
r,C,847,ALA,121,A,Carbon,0.9,2,35.19,1
r,O,848,ALA,121,A,Oxygen,0.86,0,36.1,1
r,CA,846,ALA,121,A,Carbon,0.98,0,33.76,1
r,N,845,ALA,121,A,Nitrogen,0.84,0,36.1,1
r,CB,849,ALA,121,A,Carbon,0.81,0,33.38,1
r,C,852,LEU,122,A,Carbon,0.75,2,36.76,1
r,O,853,LEU,122,A,Oxygen,0.62,0,37.01,1
r,CA,851,LEU,122,A,Carbon,0.86,0,31.94,1
r,N,850,LEU,122,A,Nitrogen,0.79,2,32.74,1
r,CB,854,LEU,122,A,Carbon,0.99,0,31.79,1
r,CG,855,LEU,122,A,Carbon,1.06,0,29.25,1
r,CD1,856,LEU,122,A,Carbon,0.85,0,29.57,1
r,CD2,857,LEU,122,A,Carbon,0.82,0,30.2,1
r,C,860,GLN,123,A,Carbon,0.89,2,40.98,1
r,O,861,GLN,123,A,Oxygen,0.65,0,44.02,1
r,CA,859,GLN,123,A,Carbon,0.86,2,39.32,1
r,N,858,GLN,123,A,Nitrogen,0.74,2,36.49,1
r,CB,862,GLN,123,A,Carbon,0.61,0,41.89,1
r,CG,863,GLN,123,A,Carbon,0.5,3,40.73,1
r,C,866,ALA,124,A,Carbon,0.94,0,41.57,1
r,O,867,ALA,124,A,Oxygen,0.87,0,41.53,1
r,CA,865,ALA,124,A,Carbon,0.86,0,41.07,1
r,N,864,ALA,124,A,Nitrogen,0.79,2,40.71,1
r,CB,868,ALA,124,A,Carbon,0.79,0,41.91,1
r,C,871,GLY,125,A,Carbon,0.77,0,39.79,1
r,O,872,GLY,125,A,Oxygen,0.69,0,38.08,1
r,CA,870,GLY,125,A,Carbon,0.54,3,39.52,1
r,N,869,GLY,125,A,Nitrogen,0.81,0,40.55,1
r,C,875,ALA,126,A,Carbon,1,0,31.09,1
r,O,876,ALA,126,A,Oxygen,0.94,0,30.07,1
r,CA,874,ALA,126,A,Carbon,0.95,0,33.13,1
r,N,873,ALA,126,A,Nitrogen,0.89,0,35.8,1
r,CB,877,ALA,126,A,Carbon,0.65,3,31.83,1
r,C,880,ASP,127,A,Carbon,1.07,0,25.23,1
r,O,881,ASP,127,A,Oxygen,1,0,26.2,1
r,CA,879,ASP,127,A,Carbon,0.98,0,29.27,1
r,N,878,ASP,127,A,Nitrogen,0.9,0,30.32,1
r,CB,882,ASP,127,A,Carbon,0.92,0,32.26,1
r,CG,883,ASP,127,A,Carbon,1,0,36.1,1
r,OD1,884,ASP,127,A,Oxygen,0.71,0,41.2,1
r,OD2,885,ASP,127,A,Oxygen,0.84,0,36.09,1
r,C,888,ILE,128,A,Carbon,1.05,0,23.83,1
r,O,889,ILE,128,A,Oxygen,1.06,0,22.6,1
r,CA,887,ILE,128,A,Carbon,1.03,0,23.78,1
r,N,886,ILE,128,A,Nitrogen,1.05,0,25.01,1
r,CB,890,ILE,128,A,Carbon,1.04,0,24.48,1
r,CG1,891,ILE,128,A,Carbon,1,0,27.53,1
r,CD1,893,ILE,128,A,Carbon,0.84,0,27.69,1
r,CG2,892,ILE,128,A,Carbon,0.87,0,23.29,1
r,C,896,SER,129,A,Carbon,1.01,0,26.04,1
r,O,897,SER,129,A,Oxygen,1.03,0,26.72,1
r,CA,895,SER,129,A,Carbon,1,0,24.73,1
r,N,894,SER,129,A,Nitrogen,1.02,0,24.59,1
r,CB,898,SER,129,A,Carbon,0.95,0,26.41,1
r,OG,899,SER,129,A,Oxygen,1,0,27.43,1
r,C,902,MET,130,A,Carbon,1.1,0,22.1,1
r,O,903,MET,130,A,Oxygen,1.02,0,22.58,1
r,CA,901,MET,130,A,Carbon,1.09,0,24.62,1
r,N,900,MET,130,A,Nitrogen,0.99,0,23.86,1
r,CB,904,MET,130,A,Carbon,0.93,0,28.26,1
r,CG,905,MET,130,A,Carbon,0.82,0,29.14,0.9
r,SD,906,MET,130,A,Sulfur,0.92,0,35.88,0.9
r,CE,907,MET,130,A,Carbon,0.67,3,34.37,0.9
r,C,910,ILE,131,A,Carbon,1.11,0,19.62,1
r,O,911,ILE,131,A,Oxygen,1.08,0,19.64,1
r,CA,909,ILE,131,A,Carbon,1.09,0,21.01,1
r,N,908,ILE,131,A,Nitrogen,1.05,0,21.53,1
r,CB,912,ILE,131,A,Carbon,1.07,0,20.69,1
r,CG1,913,ILE,131,A,Carbon,1.01,0,20.98,1
r,CD1,915,ILE,131,A,Carbon,0.94,0,20.56,1
r,CG2,914,ILE,131,A,Carbon,1,0,19.91,1
r,C,918,GLY,132,A,Carbon,1.11,0,21.23,1
r,O,919,GLY,132,A,Oxygen,1.03,0,24.16,1
r,CA,917,GLY,132,A,Carbon,1.03,0,20.62,1
r,N,916,GLY,132,A,Nitrogen,1.09,0,19.88,1
r,C,922,GLN,133,A,Carbon,1.09,0,25.79,1
r,O,923,GLN,133,A,Oxygen,1.03,0,26.09,1
r,CA,921,GLN,133,A,Carbon,1.05,0,25.12,1
r,N,920,GLN,133,A,Nitrogen,1.04,0,22.67,1
r,CB,924,GLN,133,A,Carbon,1.04,0,24.65,1
r,CG,925,GLN,133,A,Carbon,1,0,29.38,1
r,CD,926,GLN,133,A,Carbon,1.09,0,32.17,1
r,OE1,927,GLN,133,A,Oxygen,0.92,0,38.45,1
r,NE2,928,GLN,133,A,Nitrogen,0.99,0,30.25,1
r,C,931,PHE,134,A,Carbon,1.11,0,24.92,1
r,O,932,PHE,134,A,Oxygen,1.02,0,26.06,1
r,CA,930,PHE,134,A,Carbon,1.06,0,24.01,1
r,N,929,PHE,134,A,Nitrogen,1.06,0,24.78,1
r,CB,933,PHE,134,A,Carbon,1.03,0,24.01,1
r,CG,934,PHE,134,A,Carbon,1.07,0,26.81,0.9
r,CD1,935,PHE,134,A,Carbon,0.78,0,31.82,0.9
r,CE1,937,PHE,134,A,Carbon,0.86,0,29.56,0.9
r,CZ,939,PHE,134,A,Carbon,0.85,0,29.1,0.9
r,CE2,938,PHE,134,A,Carbon,0.89,0,28.15,0.9
r,CD2,936,PHE,134,A,Carbon,0.9,0,25.85,0.9
r,C,942,GLY,135,A,Carbon,1.13,0,20.04,1
r,O,943,GLY,135,A,Oxygen,1.05,0,21.31,1
r,CA,941,GLY,135,A,Carbon,1.03,0,21.49,1
r,N,940,GLY,135,A,Nitrogen,1.08,0,21.26,1
r,C,946,VAL,136,A,Carbon,1.12,0,18.41,1
r,O,947,VAL,136,A,Oxygen,1.13,0,16.51,1
r,CA,945,VAL,136,A,Carbon,1.12,0,18.22,1
r,N,944,VAL,136,A,Nitrogen,1.09,0,19.2,1
r,CB,948,VAL,136,A,Carbon,1.12,0,18.77,1
r,CG1,949,VAL,136,A,Carbon,0.99,0,20.23,1
r,CG2,950,VAL,136,A,Carbon,0.91,0,20.22,1
r,C,953,GLY,137,A,Carbon,1.12,0,16.09,1
r,O,954,GLY,137,A,Oxygen,1.11,0,16.07,1
r,CA,952,GLY,137,A,Carbon,1.01,0,16.88,1
r,N,951,GLY,137,A,Nitrogen,1.11,0,16.82,1
r,C,957,PHE,138,A,Carbon,1.13,0,14.51,1
r,O,958,PHE,138,A,Oxygen,1.13,0,14.76,1
r,CA,956,PHE,138,A,Carbon,1.1,0,15.26,1
r,N,955,PHE,138,A,Nitrogen,1.13,0,15.63,1
r,CB,959,PHE,138,A,Carbon,1.04,0,14.22,1
r,CG,960,PHE,138,A,Carbon,1.13,0,14.02,1
r,CD1,961,PHE,138,A,Carbon,1.08,0,14.46,1
r,CE1,963,PHE,138,A,Carbon,1.06,0,14.28,1
r,CZ,965,PHE,138,A,Carbon,1.05,0,14.32,1
r,CE2,964,PHE,138,A,Carbon,1.01,0,14.74,1
r,CD2,962,PHE,138,A,Carbon,1.01,0,14.33,1
r,C,968,TYR,139,A,Carbon,1.14,0,14.08,1
r,O,969,TYR,139,A,Oxygen,1.06,0,15.15,1
r,CA,967,TYR,139,A,Carbon,1.11,0,13.73,1
r,N,966,TYR,139,A,Nitrogen,1.1,0,14.47,1
r,CB,970,TYR,139,A,Carbon,1.06,0,14.2,1
r,CG,971,TYR,139,A,Carbon,1.11,0,14.74,1
r,CD1,972,TYR,139,A,Carbon,1.04,0,13.96,1
r,CE1,974,TYR,139,A,Carbon,0.99,0,15.08,1
r,CZ,976,TYR,139,A,Carbon,1.1,0,16.02,1
r,OH,977,TYR,139,A,Oxygen,1.12,0,16.25,1
r,CE2,975,TYR,139,A,Carbon,1.02,0,16.24,1
r,CD2,973,TYR,139,A,Carbon,1.06,0,14.86,1
r,C,980,SER,140,A,Carbon,1.13,0,14.68,1
r,O,981,SER,140,A,Oxygen,1.1,0,14.62,1
r,CA,979,SER,140,A,Carbon,1.15,0,13.84,1
r,N,978,SER,140,A,Nitrogen,1.13,0,13.97,1
r,CB,982,SER,140,A,Carbon,1.08,0,15.08,1
r,OG,983,SER,140,A,Oxygen,1.11,0,15.78,1
r,C,986,ALA,141,A,Carbon,1.12,0,13.77,1
r,O,987,ALA,141,A,Oxygen,1.1,0,14.66,1
r,CA,985,ALA,141,A,Carbon,1.1,0,13.06,1
r,N,984,ALA,141,A,Nitrogen,1.13,0,13.58,1
r,CB,988,ALA,141,A,Carbon,1.06,0,13.31,1
r,C,991,TYR,142,A,Carbon,1.11,0,14.68,1
r,O,992,TYR,142,A,Oxygen,1.11,0,15.69,1
r,CA,990,TYR,142,A,Carbon,1.1,0,13.9,1
r,N,989,TYR,142,A,Nitrogen,1.12,0,13.66,1
r,CB,993,TYR,142,A,Carbon,1.08,0,13.51,1
r,CG,994,TYR,142,A,Carbon,1.09,0,13.5,1
r,CD1,995,TYR,142,A,Carbon,1.01,0,13.78,1
r,CE1,997,TYR,142,A,Carbon,1.05,0,13.83,1
r,CZ,999,TYR,142,A,Carbon,1.1,0,13.85,1
r,OH,1000,TYR,142,A,Oxygen,1.08,0,13.77,1
r,CE2,998,TYR,142,A,Carbon,1.05,0,13.57,1
r,CD2,996,TYR,142,A,Carbon,1.07,0,13.24,1
r,C,1003,LEU,143,A,Carbon,1.14,0,16.39,1
r,O,1004,LEU,143,A,Oxygen,1.13,0,17.41,1
r,CA,1002,LEU,143,A,Carbon,1.1,0,15.61,1
r,N,1001,LEU,143,A,Nitrogen,1.1,0,15.96,1
r,CB,1005,LEU,143,A,Carbon,1.08,0,16.68,1
r,CG,1006,LEU,143,A,Carbon,1.11,0,16.55,1
r,CD1,1007,LEU,143,A,Carbon,0.94,0,16.58,1
r,CD2,1008,LEU,143,A,Carbon,0.98,0,16.39,1
r,C,1011,VAL,144,A,Carbon,1.12,0,16.56,1
r,O,1012,VAL,144,A,Oxygen,1.09,0,18.12,1
r,CA,1010,VAL,144,A,Carbon,1.12,0,16.25,1
r,N,1009,VAL,144,A,Nitrogen,1.12,0,15.29,1
r,CB,1013,VAL,144,A,Carbon,1.11,0,15.96,1
r,CG1,1014,VAL,144,A,Carbon,0.95,0,15.46,1
r,CG2,1015,VAL,144,A,Carbon,0.97,0,16.06,1
r,C,1018,ALA,145,A,Carbon,1.13,0,16.39,1
r,O,1019,ALA,145,A,Oxygen,1.06,0,18.09,1
r,CA,1017,ALA,145,A,Carbon,1.14,0,16.27,1
r,N,1016,ALA,145,A,Nitrogen,1.11,0,15.65,1
r,CB,1020,ALA,145,A,Carbon,1.04,0,15.4,1
r,C,1023,GLU,146,A,Carbon,1.13,0,17.56,1
r,O,1024,GLU,146,A,Oxygen,1.05,0,18.81,1
r,CA,1022,GLU,146,A,Carbon,1.09,0,18.14,1
r,N,1021,GLU,146,A,Nitrogen,1.1,0,16.24,1
r,CB,1025,GLU,146,A,Carbon,1.03,0,21.5,1
r,CG,1026,GLU,146,A,Carbon,0.95,0,24.66,1
r,CD,1027,GLU,146,A,Carbon,0.86,0,29.61,0.7
r,OE1,1028,GLU,146,A,Oxygen,0.8,0,33.24,0.7
r,OE2,1029,GLU,146,A,Oxygen,0.63,3,31.52,0.7
r,C,1032,LYS,147,A,Carbon,1.12,0,15.9,1
r,O,1033,LYS,147,A,Oxygen,1.12,0,14.95,1
r,CA,1031,LYS,147,A,Carbon,1.12,0,16.06,1
r,N,1030,LYS,147,A,Nitrogen,1.13,0,16.2,1
r,CB,1034,LYS,147,A,Carbon,1.06,0,17.72,1
r,CG,1035,LYS,147,A,Carbon,1.05,0,18.91,1
r,CD,1036,LYS,147,A,Carbon,1,0,21.9,1
r,CE,1037,LYS,147,A,Carbon,0.88,0,25.01,1
r,NZ,1038,LYS,147,A,Nitrogen,0.93,0,30.03,1
r,C,1041,VAL,148,A,Carbon,1.12,0,14.8,1
r,O,1042,VAL,148,A,Oxygen,1.09,0,15.11,1
r,CA,1040,VAL,148,A,Carbon,1.12,0,13.74,1
r,N,1039,VAL,148,A,Nitrogen,1.14,0,14.04,1
r,CB,1043,VAL,148,A,Carbon,1.1,0,13.34,1
r,CG1,1044,VAL,148,A,Carbon,1.02,0,13.78,1
r,CG2,1045,VAL,148,A,Carbon,1.01,0,14.2,1
r,C,1048,THR,149,A,Carbon,1.11,0,15.35,1
r,O,1049,THR,149,A,Oxygen,1.12,0,16.55,1
r,CA,1047,THR,149,A,Carbon,1.11,0,15.05,1
r,N,1046,THR,149,A,Nitrogen,1.11,0,14.73,1
r,CB,1050,THR,149,A,Carbon,1.11,0,15.94,1
r,OG1,1051,THR,149,A,Oxygen,1.09,0,17.49,1
r,CG2,1052,THR,149,A,Carbon,0.94,0,18.03,1
r,C,1055,VAL,150,A,Carbon,1.1,0,14.77,1
r,O,1056,VAL,150,A,Oxygen,1.09,0,16.02,1
r,CA,1054,VAL,150,A,Carbon,1.1,0,14.33,1
r,N,1053,VAL,150,A,Nitrogen,1.11,0,13.67,1
r,CB,1057,VAL,150,A,Carbon,1.13,0,13.97,1
r,CG1,1058,VAL,150,A,Carbon,1.04,0,15.1,1
r,CG2,1059,VAL,150,A,Carbon,0.94,0,14.66,1
r,C,1062,ILE,151,A,Carbon,1.11,0,14.97,1
r,O,1063,ILE,151,A,Oxygen,1.13,0,15.09,1
r,CA,1061,ILE,151,A,Carbon,1.12,0,15.58,1
r,N,1060,ILE,151,A,Nitrogen,1.13,0,13.84,1
r,CB,1064,ILE,151,A,Carbon,1.1,0,16.32,1
r,CG1,1065,ILE,151,A,Carbon,1.09,0,19.32,1
r,CD1,1067,ILE,151,A,Carbon,0.85,0,22.25,1
r,CG2,1066,ILE,151,A,Carbon,1.04,0,16.7,1
r,C,1070,THR,152,A,Carbon,1.12,0,16.27,1
r,O,1071,THR,152,A,Oxygen,1.11,0,16.86,1
r,CA,1069,THR,152,A,Carbon,1.15,0,14.77,1
r,N,1068,THR,152,A,Nitrogen,1.09,0,14.72,1
r,CB,1072,THR,152,A,Carbon,1.06,0,15.16,1
r,OG1,1073,THR,152,A,Oxygen,1.07,0,16.32,1
r,CG2,1074,THR,152,A,Carbon,0.93,0,15,1
r,C,1077,LYS,153,A,Carbon,1.1,0,17.58,1
r,O,1078,LYS,153,A,Oxygen,1.04,0,16.43,1
r,CA,1076,LYS,153,A,Carbon,1.09,0,17.59,1
r,N,1075,LYS,153,A,Nitrogen,1.13,0,15.7,1
r,CB,1079,LYS,153,A,Carbon,1.07,0,18.38,1
r,CG,1080,LYS,153,A,Carbon,1.06,0,19.13,1
r,CD,1081,LYS,153,A,Carbon,1.08,0,18.83,1
r,CE,1082,LYS,153,A,Carbon,1.05,0,20.63,1
r,NZ,1083,LYS,153,A,Nitrogen,1.08,0,20.93,1
r,C,1086,HIS,154,A,Carbon,1.1,0,20.02,1
r,O,1087,HIS,154,A,Oxygen,1.05,0,20.26,1
r,CA,1085,HIS,154,A,Carbon,1.09,0,18.21,1
r,N,1084,HIS,154,A,Nitrogen,1.12,0,18.55,1
r,CB,1088,HIS,154,A,Carbon,1,0,20.53,1
r,CG,1089,HIS,154,A,Carbon,1.1,0,21.73,1
r,ND1,1090,HIS,154,A,Nitrogen,1.1,0,23.07,1
r,CE1,1092,HIS,154,A,Carbon,1.06,0,22.82,1
r,NE2,1093,HIS,154,A,Nitrogen,1.08,0,22.34,1
r,CD2,1091,HIS,154,A,Carbon,1.03,0,21.2,1
r,C,1096,ASN,155,A,Carbon,1.11,0,24.26,1
r,O,1097,ASN,155,A,Oxygen,0.98,0,26.79,1
r,CA,1095,ASN,155,A,Carbon,1.11,0,21.34,1
r,N,1094,ASN,155,A,Nitrogen,1.08,0,19.74,1
r,CB,1098,ASN,155,A,Carbon,1.04,0,21.15,1
r,CG,1099,ASN,155,A,Carbon,1.11,0,21,1
r,OD1,1100,ASN,155,A,Oxygen,1.07,0,22.59,1
r,ND2,1101,ASN,155,A,Nitrogen,1,0,21.53,1
r,C,1104,ASP,156,A,Carbon,0.81,0,38.86,1
r,O,1105,ASP,156,A,Oxygen,0.59,0,45.31,1
r,CA,1103,ASP,156,A,Carbon,0.84,0,36.82,1
r,N,1102,ASP,156,A,Nitrogen,1.07,0,28.68,1
r,CB,1106,ASP,156,A,Carbon,0.44,3,43.48,1
r,CG,1107,ASP,156,A,Carbon,0.87,0,47.18,1
r,OD1,1108,ASP,156,A,Oxygen,0.8,0,49.72,1
r,OD2,1109,ASP,156,A,Oxygen,0.65,0,50.4,1
r,C,1112,ASP,157,A,Carbon,1.02,0,26.57,1
r,O,1113,ASP,157,A,Oxygen,1.04,0,25.12,1
r,CA,1111,ASP,157,A,Carbon,0.97,0,29.83,1
r,N,1110,ASP,157,A,Nitrogen,0.82,0,34.08,1
r,CB,1114,ASP,157,A,Carbon,0.91,0,30.99,1
r,CG,1115,ASP,157,A,Carbon,1,0,33.19,1
r,OD1,1116,ASP,157,A,Oxygen,0.99,0,32.83,1
r,OD2,1117,ASP,157,A,Oxygen,1.02,0,29.04,1
r,C,1120,GLU,158,A,Carbon,1.12,0,20.22,1
r,O,1121,GLU,158,A,Oxygen,1.04,0,22.64,1
r,CA,1119,GLU,158,A,Carbon,1.1,0,22.8,1
r,N,1118,GLU,158,A,Nitrogen,1.03,0,23.81,1
r,CB,1122,GLU,158,A,Carbon,0.99,0,26.23,1
r,CG,1123,GLU,158,A,Carbon,0.88,0,31.9,1
r,CD,1124,GLU,158,A,Carbon,0.82,0,36.07,0.6
r,OE1,1125,GLU,158,A,Oxygen,0.59,3,38.46,0.6
r,OE2,1126,GLU,158,A,Oxygen,0.34,3,40.95,0.6
r,C,1129,GLN,159,A,Carbon,1.11,0,18.46,1
r,O,1130,GLN,159,A,Oxygen,1.05,0,18.05,1
r,CA,1128,GLN,159,A,Carbon,1.14,0,18.53,1
r,N,1127,GLN,159,A,Nitrogen,1.09,0,19.35,1
r,CB,1131,GLN,159,A,Carbon,1.04,0,19.6,1
r,CG,1132,GLN,159,A,Carbon,0.99,0,20.26,1
r,CD,1133,GLN,159,A,Carbon,1.11,0,20.9,1
r,OE1,1134,GLN,159,A,Oxygen,1.05,0,23.22,1
r,NE2,1135,GLN,159,A,Nitrogen,1.09,0,20.55,1
r,C,1138,TYR,160,A,Carbon,1.12,0,16.76,1
r,O,1139,TYR,160,A,Oxygen,1.11,0,17.1,1
r,CA,1137,TYR,160,A,Carbon,1.11,0,17.61,1
r,N,1136,TYR,160,A,Nitrogen,1.1,0,16.49,1
r,CB,1140,TYR,160,A,Carbon,1.04,0,18.15,1
r,CG,1141,TYR,160,A,Carbon,1.11,0,23.61,1
r,CD1,1142,TYR,160,A,Carbon,1.02,0,25.81,1
r,CE1,1144,TYR,160,A,Carbon,1.07,0,29.57,1
r,CZ,1146,TYR,160,A,Carbon,1.09,0,30,1
r,OH,1147,TYR,160,A,Oxygen,0.88,0,35.44,1
r,CE2,1145,TYR,160,A,Carbon,0.96,0,30.16,1
r,CD2,1143,TYR,160,A,Carbon,0.93,0,26.19,1
r,C,1150,ALA,161,A,Carbon,1.11,0,16.16,1
r,O,1151,ALA,161,A,Oxygen,1.1,0,16,1
r,CA,1149,ALA,161,A,Carbon,1.12,0,15.4,1
r,N,1148,ALA,161,A,Nitrogen,1.13,0,16.71,1
r,CB,1152,ALA,161,A,Carbon,1.05,0,16.92,1
r,C,1155,TRP,162,A,Carbon,1.14,0,15.41,1
r,O,1156,TRP,162,A,Oxygen,1.1,0,15.52,1
r,CA,1154,TRP,162,A,Carbon,1.13,0,14.61,1
r,N,1153,TRP,162,A,Nitrogen,1.12,0,14.96,1
r,CB,1157,TRP,162,A,Carbon,1.08,0,13.85,1
r,CG,1158,TRP,162,A,Carbon,1.11,0,13.41,1
r,CD2,1160,TRP,162,A,Carbon,1.13,0,13.26,1
r,CE2,1162,TRP,162,A,Carbon,1.11,0,13.41,1
r,NE1,1161,TRP,162,A,Nitrogen,1.1,0,13.24,1
r,CD1,1159,TRP,162,A,Carbon,1.1,0,13.37,1
r,CZ2,1164,TRP,162,A,Carbon,1.04,0,13.25,1
r,CH2,1166,TRP,162,A,Carbon,1.05,0,13.77,1
r,CZ3,1165,TRP,162,A,Carbon,1.03,0,13.33,1
r,CE3,1163,TRP,162,A,Carbon,1.03,0,13.14,1
r,C,1169,GLU,163,A,Carbon,1.13,0,14.97,1
r,O,1170,GLU,163,A,Oxygen,1.11,0,15.92,1
r,CA,1168,GLU,163,A,Carbon,1.09,0,16.01,1
r,N,1167,GLU,163,A,Nitrogen,1.13,0,14.46,1
r,CB,1171,GLU,163,A,Carbon,1.09,0,17.32,1
r,CG,1172,GLU,163,A,Carbon,0.97,0,20.9,1
r,CD,1173,GLU,163,A,Carbon,1.06,0,24.7,0.9
r,OE1,1174,GLU,163,A,Oxygen,1.05,0,24.19,0.9
r,OE2,1175,GLU,163,A,Oxygen,1.04,0,23.5,0.9
r,C,1178,SER,164,A,Carbon,1.12,0,13.68,1
r,O,1179,SER,164,A,Oxygen,1.11,0,13.78,1
r,CA,1177,SER,164,A,Carbon,1.13,0,13.96,1
r,N,1176,SER,164,A,Nitrogen,1.13,0,13.55,1
r,CB,1180,SER,164,A,Carbon,1.1,0,13.05,1
r,OG,1181,SER,164,A,Oxygen,1.09,0,14.32,1
r,C,1184,SER,165,A,Carbon,1.12,0,16,1
r,O,1185,SER,165,A,Oxygen,1.08,0,16.95,1
r,CA,1183,SER,165,A,Carbon,1.14,0,15.47,1
r,N,1182,SER,165,A,Nitrogen,1.12,0,14.34,1
r,CB,1186,SER,165,A,Carbon,1.07,0,16.4,1
r,OG,1187,SER,165,A,Oxygen,1.06,0,19.19,1
r,C,1190,ALA,166,A,Carbon,1.13,0,17.68,1
r,O,1191,ALA,166,A,Oxygen,1.05,0,20.62,1
r,CA,1189,ALA,166,A,Carbon,1.09,0,17.06,1
r,N,1188,ALA,166,A,Nitrogen,1.11,0,16.09,1
r,CB,1192,ALA,166,A,Carbon,0.89,0,18.37,1
r,C,1195,GLY,167,A,Carbon,1.16,0,20.65,1
r,O,1196,GLY,167,A,Oxygen,1.04,0,22.4,1
r,CA,1194,GLY,167,A,Carbon,0.99,0,19.47,1
r,N,1193,GLY,167,A,Nitrogen,1.1,0,19.39,1
r,C,1199,GLY,168,A,Carbon,1.1,0,18.29,1
r,O,1200,GLY,168,A,Oxygen,1.09,0,16.09,1
r,CA,1198,GLY,168,A,Carbon,1.03,0,18.08,1
r,N,1197,GLY,168,A,Nitrogen,1.09,0,17.87,1
r,C,1203,SER,169,A,Carbon,1.11,0,14.08,1
r,O,1204,SER,169,A,Oxygen,1.13,0,15.17,1
r,CA,1202,SER,169,A,Carbon,1.1,0,14.52,1
r,N,1201,SER,169,A,Nitrogen,1.09,0,16.39,1
r,CB,1205,SER,169,A,Carbon,1.06,0,16.95,1
r,OG,1206,SER,169,A,Oxygen,1.04,0,19.1,1
r,C,1209,PHE,170,A,Carbon,1.11,0,14.54,1
r,O,1210,PHE,170,A,Oxygen,1.1,0,15.14,1
r,CA,1208,PHE,170,A,Carbon,1.08,0,14.22,1
r,N,1207,PHE,170,A,Nitrogen,1.11,0,14.55,1
r,CB,1211,PHE,170,A,Carbon,1.11,0,14.26,1
r,CG,1212,PHE,170,A,Carbon,1.1,0,14.12,1
r,CD1,1213,PHE,170,A,Carbon,1.05,0,15.01,1
r,CE1,1215,PHE,170,A,Carbon,1.05,0,15.76,1
r,CZ,1217,PHE,170,A,Carbon,1.06,0,15.73,1
r,CE2,1216,PHE,170,A,Carbon,1.05,0,14.84,1
r,CD2,1214,PHE,170,A,Carbon,1.05,0,14.51,1
r,C,1220,THR,171,A,Carbon,1.11,0,14.81,1
r,O,1221,THR,171,A,Oxygen,1.1,0,15.33,1
r,CA,1219,THR,171,A,Carbon,1.1,0,14.64,1
r,N,1218,THR,171,A,Nitrogen,1.1,0,13.9,1
r,CB,1222,THR,171,A,Carbon,1.12,0,15.49,1
r,OG1,1223,THR,171,A,Oxygen,1.06,0,17.06,1
r,CG2,1224,THR,171,A,Carbon,0.95,0,16.37,1
r,C,1227,VAL,172,A,Carbon,1.11,0,17.34,1
r,O,1228,VAL,172,A,Oxygen,1.1,0,17.08,1
r,CA,1226,VAL,172,A,Carbon,1.11,0,15.62,1
r,N,1225,VAL,172,A,Nitrogen,1.09,0,14.95,1
r,CB,1229,VAL,172,A,Carbon,1.11,0,15.47,1
r,CG1,1230,VAL,172,A,Carbon,0.97,0,16.66,1
r,CG2,1231,VAL,172,A,Carbon,1,0,16.24,1
r,C,1234,ARG,173,A,Carbon,1.08,0,20.32,1
r,O,1235,ARG,173,A,Oxygen,1.05,0,20.84,1
r,CA,1233,ARG,173,A,Carbon,1.08,0,19.08,1
r,N,1232,ARG,173,A,Nitrogen,1.1,0,16.86,1
r,CB,1236,ARG,173,A,Carbon,1.04,0,21.25,1
r,CG,1237,ARG,173,A,Carbon,1.02,0,23.5,1
r,CD,1238,ARG,173,A,Carbon,0.86,0,26.88,0.9
r,NE,1239,ARG,173,A,Nitrogen,0.87,0,29.76,0.9
r,CZ,1240,ARG,173,A,Carbon,1.03,0,31.38,0.9
r,NH1,1241,ARG,173,A,Nitrogen,1.02,0,29.38,0.9
r,NH2,1242,ARG,173,A,Nitrogen,0.82,0,32.2,0.9
r,C,1246,THR,174,A,Carbon,1.04,0,26.53,1
r,O,1247,THR,174,A,Oxygen,0.99,0,27.44,1
r,CA,1244,THR,174,A,Carbon,1.01,0,24.69,0.6
r,N,1243,THR,174,A,Nitrogen,1.02,0,22.58,1
r,CB,1248,THR,174,A,Carbon,1,0,27,0.6
r,OG1,1250,THR,174,A,Oxygen,0.66,3,30.83,0.6
r,CG2,1252,THR,174,A,Carbon,0.86,0,28.74,0.6
r,C,1256,ASP,175,A,Carbon,1.07,0,32.71,1
r,O,1257,ASP,175,A,Oxygen,0.94,0,33.4,1
r,CA,1255,ASP,175,A,Carbon,0.99,0,28.46,1
r,N,1254,ASP,175,A,Nitrogen,1.05,0,25.1,1
r,CB,1258,ASP,175,A,Carbon,1.03,0,26.76,1
r,CG,1259,ASP,175,A,Carbon,1.07,0,30.15,1
r,OD1,1260,ASP,175,A,Oxygen,1,0,31.26,1
r,OD2,1261,ASP,175,A,Oxygen,1.02,0,28.13,1
r,C,1264,THR,176,A,Carbon,0.93,0,47.51,1
r,O,1265,THR,176,A,Oxygen,0.8,0,47.07,1
r,CA,1263,THR,176,A,Carbon,0.88,0,45.19,1
r,N,1262,THR,176,A,Nitrogen,0.86,0,40.98,1
r,CB,1266,THR,176,A,Carbon,0.74,0,47.87,1
r,OG1,1267,THR,176,A,Oxygen,0.81,0,45.89,1
r,CG2,1268,THR,176,A,Carbon,0.44,3,46.71,1
r,C,1271,GLY,177,A,Carbon,0.59,0,48.95,1
r,O,1272,GLY,177,A,Oxygen,0.82,0,46.74,1
r,CA,1270,GLY,177,A,Carbon,0.55,3,50.24,1
r,N,1269,GLY,177,A,Nitrogen,0.79,0,50.96,1
r,C,1275,GLU,178,A,Carbon,1.03,0,30.78,1
r,O,1276,GLU,178,A,Oxygen,0.99,0,29.43,1
r,CA,1274,GLU,178,A,Carbon,0.84,0,34.74,1
r,N,1273,GLU,178,A,Nitrogen,0.67,0,43,1
r,CB,1277,GLU,178,A,Carbon,0.76,0,35.05,1
r,CG,1278,GLU,178,A,Carbon,0.52,3,32.26,0.5
r,CD,1279,GLU,178,A,Carbon,0.42,3,31.34,0.5
r,OE1,1280,GLU,178,A,Oxygen,0.8,0,30.36,0.5
r,OE2,1281,GLU,178,A,Oxygen,0.46,3,28.47,0.5
r,C,1284,PRO,179,A,Carbon,1.03,0,29.71,1
r,O,1285,PRO,179,A,Oxygen,0.98,0,31.55,1
r,CA,1283,PRO,179,A,Carbon,1,0,29.08,1
r,N,1282,PRO,179,A,Nitrogen,1.1,0,29.13,1
r,CD,1288,PRO,179,A,Carbon,0.98,0,30.88,1
r,CG,1287,PRO,179,A,Carbon,0.94,0,30.64,1
r,CB,1286,PRO,179,A,Carbon,0.99,0,29.74,1
r,C,1291,MET,180,A,Carbon,1,0,28.71,1
r,O,1292,MET,180,A,Oxygen,0.89,0,33.99,1
r,CA,1290,MET,180,A,Carbon,1.03,0,27.09,1
r,N,1289,MET,180,A,Nitrogen,1.07,0,26.07,1
r,CB,1293,MET,180,A,Carbon,0.89,0,29.43,1
r,CG,1294,MET,180,A,Carbon,0.76,0,33.19,1
r,SD,1295,MET,180,A,Sulfur,0.94,0,38.16,1
r,CE,1296,MET,180,A,Carbon,0.68,0,36.38,1
r,C,1299,GLY,181,A,Carbon,1.06,0,22.27,1
r,O,1300,GLY,181,A,Oxygen,1.04,0,22.39,1
r,CA,1298,GLY,181,A,Carbon,0.91,0,24.24,1
r,N,1297,GLY,181,A,Nitrogen,0.9,0,28.76,1
r,C,1303,ARG,182,A,Carbon,1.13,0,17.79,1
r,O,1304,ARG,182,A,Oxygen,1.07,0,18.75,1
r,CA,1302,ARG,182,A,Carbon,1.1,0,17.92,1
r,N,1301,ARG,182,A,Nitrogen,1.07,0,19.74,1
r,CB,1305,ARG,182,A,Carbon,1.07,0,17.29,1
r,CG,1306,ARG,182,A,Carbon,1.04,0,17.31,1
r,CD,1307,ARG,182,A,Carbon,1.03,0,17.16,1
r,NE,1308,ARG,182,A,Nitrogen,1.15,0,16.48,1
r,CZ,1309,ARG,182,A,Carbon,1.12,0,17.38,1
r,NH1,1310,ARG,182,A,Nitrogen,1.06,0,17.89,1
r,NH2,1311,ARG,182,A,Nitrogen,1.07,0,17.9,1
r,C,1314,GLY,183,A,Carbon,1.12,0,15.56,1
r,O,1315,GLY,183,A,Oxygen,1.13,0,14.93,1
r,CA,1313,GLY,183,A,Carbon,1.05,0,15.13,1
r,N,1312,GLY,183,A,Nitrogen,1.11,0,16.49,1
r,C,1318,THR,184,A,Carbon,1.11,0,14.95,1
r,O,1319,THR,184,A,Oxygen,1.11,0,15.18,1
r,CA,1317,THR,184,A,Carbon,1.11,0,14.86,1
r,N,1316,THR,184,A,Nitrogen,1.16,0,14.46,1
r,CB,1320,THR,184,A,Carbon,1.08,0,15.73,1
r,OG1,1321,THR,184,A,Oxygen,1.1,0,16.35,1
r,CG2,1322,THR,184,A,Carbon,1.05,0,16.49,1
r,C,1326,LYS,185,A,Carbon,1.15,0,14.74,1
r,O,1327,LYS,185,A,Oxygen,1.11,0,16.15,1
r,CA,1324,LYS,185,A,Carbon,1.1,0,15.42,0.6
r,N,1323,LYS,185,A,Nitrogen,1.12,0,14.4,1
r,CB,1328,LYS,185,A,Carbon,0.99,0,17.76,0.6
r,CG,1330,LYS,185,A,Carbon,0.5,3,20.89,0.6
r,CD,1332,LYS,185,A,Carbon,0.67,0,23.12,0.6
r,CE,1334,LYS,185,A,Carbon,0.56,3,24.18,0.5
r,NZ,1336,LYS,185,A,Nitrogen,0.48,3,24.97,0.5
r,C,1340,VAL,186,A,Carbon,1.13,0,14.11,1
r,O,1341,VAL,186,A,Oxygen,1.09,0,14.05,1
r,CA,1339,VAL,186,A,Carbon,1.13,0,13.57,1
r,N,1338,VAL,186,A,Nitrogen,1.11,0,13.39,1
r,CB,1342,VAL,186,A,Carbon,1.11,0,13.06,1
r,CG1,1343,VAL,186,A,Carbon,0.97,0,13.09,1
r,CG2,1344,VAL,186,A,Carbon,1.03,0,13.56,1
r,C,1347,ILE,187,A,Carbon,1.13,0,13.83,1
r,O,1348,ILE,187,A,Oxygen,1.13,0,14.22,1
r,CA,1346,ILE,187,A,Carbon,1.11,0,14.22,1
r,N,1345,ILE,187,A,Nitrogen,1.13,0,13.45,1
r,CB,1349,ILE,187,A,Carbon,1.13,0,15.15,1
r,CG1,1350,ILE,187,A,Carbon,1.07,0,15.86,1
r,CD1,1352,ILE,187,A,Carbon,0.93,0,17.44,1
r,CG2,1351,ILE,187,A,Carbon,0.99,0,15.79,1
r,C,1355,LEU,188,A,Carbon,1.1,0,14.2,1
r,O,1356,LEU,188,A,Oxygen,1.12,0,14.47,1
r,CA,1354,LEU,188,A,Carbon,1.11,0,13.29,1
r,N,1353,LEU,188,A,Nitrogen,1.13,0,13.22,1
r,CB,1357,LEU,188,A,Carbon,1.07,0,13.71,1
r,CG,1358,LEU,188,A,Carbon,1.13,0,14.32,1
r,CD1,1359,LEU,188,A,Carbon,1.01,0,15.62,1
r,CD2,1360,LEU,188,A,Carbon,1.01,0,14.96,1
r,C,1363,HIS,189,A,Carbon,1.14,0,15.81,1
r,O,1364,HIS,189,A,Oxygen,1.08,0,17.36,1
r,CA,1362,HIS,189,A,Carbon,1.11,0,17.09,1
r,N,1361,HIS,189,A,Nitrogen,1.12,0,14.87,1
r,CB,1365,HIS,189,A,Carbon,0.99,0,17.43,1
r,CG,1366,HIS,189,A,Carbon,1.02,0,20.7,0.9
r,ND1,1367,HIS,189,A,Nitrogen,1.01,0,24.18,0.9
r,CE1,1369,HIS,189,A,Carbon,0.95,0,21.08,0.9
r,NE2,1370,HIS,189,A,Nitrogen,0.96,0,25.09,0.9
r,CD2,1368,HIS,189,A,Carbon,0.88,0,22.44,0.9
r,C,1373,LEU,190,A,Carbon,1.14,0,18.3,1
r,O,1374,LEU,190,A,Oxygen,1.09,0,19.95,1
r,CA,1372,LEU,190,A,Carbon,1.09,0,16.76,1
r,N,1371,LEU,190,A,Nitrogen,1.12,0,16.16,1
r,CB,1375,LEU,190,A,Carbon,1.06,0,16.82,1
r,CG,1376,LEU,190,A,Carbon,1.12,0,16.77,1
r,CD1,1377,LEU,190,A,Carbon,1.03,0,17.55,1
r,CD2,1378,LEU,190,A,Carbon,0.97,0,18.74,1
r,C,1381,LYS,191,A,Carbon,1.1,0,21.1,1
r,O,1382,LYS,191,A,Oxygen,1.09,0,20.67,1
r,CA,1380,LYS,191,A,Carbon,1.12,0,18.61,1
r,N,1379,LYS,191,A,Nitrogen,1.11,0,17.99,1
r,CB,1383,LYS,191,A,Carbon,1.06,0,20.98,1
r,CG,1384,LYS,191,A,Carbon,1.04,0,21.72,1
r,CD,1385,LYS,191,A,Carbon,1.02,0,26.64,1
r,CE,1386,LYS,191,A,Carbon,0.57,3,31.94,1
r,NZ,1387,LYS,191,A,Nitrogen,0.67,3,32.39,1
r,C,1390,GLU,192,A,Carbon,1.05,0,25.09,1
r,O,1391,GLU,192,A,Oxygen,1,0,27.2,1
r,CA,1389,GLU,192,A,Carbon,1.08,0,26.26,1
r,N,1388,GLU,192,A,Nitrogen,1.1,0,23.14,1
r,CB,1392,GLU,192,A,Carbon,0.98,0,29.22,1
r,CG,1393,GLU,192,A,Carbon,0.46,3,34.24,1
r,C,1396,ASP,193,A,Carbon,1.12,0,23.73,1
r,O,1397,ASP,193,A,Oxygen,1.06,0,23.34,1
r,CA,1395,ASP,193,A,Carbon,1.02,0,24.89,1
r,N,1394,ASP,193,A,Nitrogen,1,0,25.37,1
r,CB,1398,ASP,193,A,Carbon,1.02,0,27.95,1
r,CG,1399,ASP,193,A,Carbon,1.06,0,32.1,1
r,OD1,1400,ASP,193,A,Oxygen,1,0,33.26,1
r,OD2,1401,ASP,193,A,Oxygen,0.72,0,38.7,1
r,C,1404,GLN,194,A,Carbon,1.13,0,20.04,1
r,O,1405,GLN,194,A,Oxygen,1.07,0,18.96,1
r,CA,1403,GLN,194,A,Carbon,1.13,0,19.34,1
r,N,1402,GLN,194,A,Nitrogen,1.1,0,21.01,1
r,CB,1406,GLN,194,A,Carbon,1.09,0,18.97,1
r,CG,1407,GLN,194,A,Carbon,1.01,0,19.62,1
r,CD,1408,GLN,194,A,Carbon,1.13,0,21.43,1
r,OE1,1409,GLN,194,A,Oxygen,1.05,0,21.85,1
r,NE2,1410,GLN,194,A,Nitrogen,1.03,0,21.75,1
r,C,1413,THR,195,A,Carbon,1.08,0,22.82,1
r,O,1414,THR,195,A,Oxygen,1.07,0,21.29,1
r,CA,1412,THR,195,A,Carbon,1.06,0,21.78,1
r,N,1411,THR,195,A,Nitrogen,1.07,0,20.7,1
r,CB,1415,THR,195,A,Carbon,1.08,0,24.72,1
r,OG1,1416,THR,195,A,Oxygen,1.07,0,28.55,1
r,CG2,1417,THR,195,A,Carbon,0.86,0,26.38,1
r,C,1420,GLU,196,A,Carbon,1.1,0,19.38,1
r,O,1421,GLU,196,A,Oxygen,1.11,0,19.22,1
r,CA,1419,GLU,196,A,Carbon,1.04,0,20.94,1
r,N,1418,GLU,196,A,Nitrogen,1.09,0,20.96,1
r,CB,1422,GLU,196,A,Carbon,1.02,0,21.29,1
r,CG,1423,GLU,196,A,Carbon,1.04,0,21.71,1
r,CD,1424,GLU,196,A,Carbon,1.13,0,25.04,1
r,OE1,1425,GLU,196,A,Oxygen,1.03,0,26.15,1
r,OE2,1426,GLU,196,A,Oxygen,1.08,0,23.09,1
r,C,1429,TYR,197,A,Carbon,1.12,0,17.96,1
r,O,1430,TYR,197,A,Oxygen,1.06,0,18.08,1
r,CA,1428,TYR,197,A,Carbon,1.13,0,17.49,1
r,N,1427,TYR,197,A,Nitrogen,1.11,0,17.18,1
r,CB,1431,TYR,197,A,Carbon,1.01,0,17.68,1
r,CG,1432,TYR,197,A,Carbon,1.13,0,16.84,1
r,CD1,1433,TYR,197,A,Carbon,1.07,0,17.6,1
r,CE1,1435,TYR,197,A,Carbon,1.09,0,16.79,1
r,CZ,1437,TYR,197,A,Carbon,1.12,0,17.92,1
r,OH,1438,TYR,197,A,Oxygen,1.1,0,19.93,1
r,CE2,1436,TYR,197,A,Carbon,1.04,0,18.1,1
r,CD2,1434,TYR,197,A,Carbon,1.06,0,16.72,1
r,C,1441,LEU,198,A,Carbon,1.13,0,19.61,1
r,O,1442,LEU,198,A,Oxygen,1.09,0,20.93,1
r,CA,1440,LEU,198,A,Carbon,1.1,0,18.44,1
r,N,1439,LEU,198,A,Nitrogen,1.12,0,18,1
r,CB,1443,LEU,198,A,Carbon,1.07,0,19.7,1
r,CG,1444,LEU,198,A,Carbon,1.1,0,19.36,1
r,CD1,1445,LEU,198,A,Carbon,0.87,0,23.13,1
r,CD2,1446,LEU,198,A,Carbon,0.89,0,22.52,1
r,C,1449,GLU,199,A,Carbon,1.08,0,20.74,1
r,O,1450,GLU,199,A,Oxygen,1.08,0,19.26,1
r,CA,1448,GLU,199,A,Carbon,1.11,0,21.44,1
r,N,1447,GLU,199,A,Nitrogen,1.1,0,19.98,1
r,CB,1451,GLU,199,A,Carbon,1.03,0,23.98,1
r,CG,1452,GLU,199,A,Carbon,0.92,0,26.29,1
r,CD,1453,GLU,199,A,Carbon,0.84,0,28.08,0.5
r,OE1,1454,GLU,199,A,Oxygen,0.46,3,31.1,0.5
r,OE2,1455,GLU,199,A,Oxygen,0.58,3,30.51,0.5
r,C,1458,GLU,200,A,Carbon,1.12,0,20.02,1
r,O,1459,GLU,200,A,Oxygen,1.07,0,18.45,1
r,CA,1457,GLU,200,A,Carbon,1.07,0,20.86,1
r,N,1456,GLU,200,A,Nitrogen,1.1,0,20.76,1
r,CB,1460,GLU,200,A,Carbon,1.05,0,22.69,1
r,CG,1461,GLU,200,A,Carbon,0.83,0,27.18,1
r,CD,1462,GLU,200,A,Carbon,0.97,0,32.82,0.9
r,OE1,1463,GLU,200,A,Oxygen,0.81,0,33.21,0.9
r,OE2,1464,GLU,200,A,Oxygen,0.88,0,34.04,0.9
r,C,1468,ARG,201,A,Carbon,1.12,0,20.32,1
r,O,1469,ARG,201,A,Oxygen,1.08,0,20.65,1
r,CA,1466,ARG,201,A,Carbon,1.11,0,21.65,0.6
r,N,1465,ARG,201,A,Nitrogen,1.09,0,21.45,1
r,CB,1470,ARG,201,A,Carbon,1.02,0,24.63,0.6
r,CG,1472,ARG,201,A,Carbon,0.83,0,26.87,0.6
r,CD,1474,ARG,201,A,Carbon,0.6,0,31.3,0.6
r,NE,1476,ARG,201,A,Nitrogen,0.79,0,31.86,0.6
r,CZ,1478,ARG,201,A,Carbon,0.78,0,32.17,0.6
r,NH1,1480,ARG,201,A,Nitrogen,0.54,2,32.54,0.6
r,NH2,1482,ARG,201,A,Nitrogen,0.72,0,32.32,0.6
r,C,1486,ARG,202,A,Carbon,1.12,0,16.5,1
r,O,1487,ARG,202,A,Oxygen,1.04,0,16.6,1
r,CA,1485,ARG,202,A,Carbon,1.12,0,17.74,1
r,N,1484,ARG,202,A,Nitrogen,1.11,0,19.3,1
r,CB,1488,ARG,202,A,Carbon,0.99,0,17.75,1
r,CG,1489,ARG,202,A,Carbon,0.99,0,16.78,1
r,CD,1490,ARG,202,A,Carbon,1.07,0,18.15,1
r,NE,1491,ARG,202,A,Nitrogen,1.05,0,17.45,1
r,CZ,1492,ARG,202,A,Carbon,1.07,0,17.66,1
r,NH1,1493,ARG,202,A,Nitrogen,1.04,0,18.64,1
r,NH2,1494,ARG,202,A,Nitrogen,0.99,0,19.41,1
r,C,1497,ILE,203,A,Carbon,1.14,0,15.43,1
r,O,1498,ILE,203,A,Oxygen,1.08,0,16.23,1
r,CA,1496,ILE,203,A,Carbon,1.1,0,15.78,1
r,N,1495,ILE,203,A,Nitrogen,1.11,0,16.35,1
r,CB,1499,ILE,203,A,Carbon,1.11,0,15.93,1
r,CG1,1500,ILE,203,A,Carbon,1.07,0,15.67,1
r,CD1,1502,ILE,203,A,Carbon,0.95,0,16.08,1
r,CG2,1501,ILE,203,A,Carbon,0.97,0,16.46,1
r,C,1505,LYS,204,A,Carbon,1.11,0,16.19,1
r,O,1506,LYS,204,A,Oxygen,1.11,0,16.04,1
r,CA,1504,LYS,204,A,Carbon,1.12,0,16.86,1
r,N,1503,LYS,204,A,Nitrogen,1.12,0,16.27,1
r,CB,1507,LYS,204,A,Carbon,1.02,0,20.46,1
r,CG,1508,LYS,204,A,Carbon,0.94,0,23.6,1
r,CD,1509,LYS,204,A,Carbon,0.99,0,26.44,1
r,CE,1510,LYS,204,A,Carbon,0.6,3,32.55,1
r,NZ,1511,LYS,204,A,Nitrogen,0.33,3,37.36,1
r,C,1514,GLU,205,A,Carbon,1.13,0,15.6,1
r,O,1515,GLU,205,A,Oxygen,1.1,0,18.08,1
r,CA,1513,GLU,205,A,Carbon,1.12,0,17.64,1
r,N,1512,GLU,205,A,Nitrogen,1.13,0,16.26,1
r,CB,1516,GLU,205,A,Carbon,1.01,0,17.26,1
r,CG,1517,GLU,205,A,Carbon,1.03,0,19.31,1
r,CD,1518,GLU,205,A,Carbon,1.11,0,19.65,1
r,OE1,1519,GLU,205,A,Oxygen,1.1,0,19.69,1
r,OE2,1520,GLU,205,A,Oxygen,1.11,0,20.72,1
r,C,1523,ILE,206,A,Carbon,1.12,0,15.59,1
r,O,1524,ILE,206,A,Oxygen,1.08,0,16.24,1
r,CA,1522,ILE,206,A,Carbon,1.13,0,15.27,1
r,N,1521,ILE,206,A,Nitrogen,1.13,0,15.53,1
r,CB,1525,ILE,206,A,Carbon,1.13,0,15.92,1
r,CG1,1526,ILE,206,A,Carbon,1.07,0,17.05,1
r,CD1,1528,ILE,206,A,Carbon,0.91,0,17.45,1
r,CG2,1527,ILE,206,A,Carbon,1.04,0,17.33,1
r,C,1531,VAL,207,A,Carbon,1.13,0,17.83,1
r,O,1532,VAL,207,A,Oxygen,1.13,0,18.42,1
r,CA,1530,VAL,207,A,Carbon,1.09,0,16.86,1
r,N,1529,VAL,207,A,Nitrogen,1.13,0,16.11,1
r,CB,1533,VAL,207,A,Carbon,1.12,0,16.39,1
r,CG1,1534,VAL,207,A,Carbon,0.97,0,18.79,1
r,CG2,1535,VAL,207,A,Carbon,0.94,0,17.91,1
r,C,1538,LYS,208,A,Carbon,1.12,0,20.05,1
r,O,1539,LYS,208,A,Oxygen,1.09,0,23.18,1
r,CA,1537,LYS,208,A,Carbon,1.12,0,19.15,1
r,N,1536,LYS,208,A,Nitrogen,1.11,0,17.39,1
r,CB,1540,LYS,208,A,Carbon,1.09,0,20.6,1
r,CG,1541,LYS,208,A,Carbon,1.04,0,25.5,1
r,CD,1542,LYS,208,A,Carbon,0.9,0,28.81,0.9
r,CE,1543,LYS,208,A,Carbon,0.81,0,33.86,0.9
r,NZ,1544,LYS,208,A,Nitrogen,0.39,3,38.89,0.9
r,C,1547,LYS,209,A,Carbon,1.12,0,21.03,1
r,O,1548,LYS,209,A,Oxygen,1.07,0,23.23,1
r,CA,1546,LYS,209,A,Carbon,1.1,0,20.68,1
r,N,1545,LYS,209,A,Nitrogen,1.12,0,18.93,1
r,CB,1549,LYS,209,A,Carbon,1.02,0,22.74,1
r,CG,1550,LYS,209,A,Carbon,1,0,26,1
r,CD,1551,LYS,209,A,Carbon,0.94,0,30.32,1
r,CE,1552,LYS,209,A,Carbon,0.52,3,34.9,1
r,C,1555,HIS,210,A,Carbon,1.1,0,21.66,1
r,O,1556,HIS,210,A,Oxygen,1.04,0,22.05,1
r,CA,1554,HIS,210,A,Carbon,1.07,0,21.38,1
r,N,1553,HIS,210,A,Nitrogen,1.1,0,20.79,1
r,CB,1557,HIS,210,A,Carbon,1,0,21.45,1
r,CG,1558,HIS,210,A,Carbon,1.07,0,25.7,1
r,ND1,1559,HIS,210,A,Nitrogen,1.09,0,26.5,1
r,CE1,1561,HIS,210,A,Carbon,0.96,0,28.21,1
r,NE2,1562,HIS,210,A,Nitrogen,1.02,0,28.28,1
r,CD2,1560,HIS,210,A,Carbon,0.95,0,26.23,1
r,C,1565,SER,211,A,Carbon,1.13,0,20.09,1
r,O,1566,SER,211,A,Oxygen,1.09,0,20.32,1
r,CA,1564,SER,211,A,Carbon,1.1,0,19.07,1
r,N,1563,SER,211,A,Nitrogen,1.09,0,19.77,1
r,CB,1567,SER,211,A,Carbon,1.05,0,18.28,1
r,OG,1568,SER,211,A,Oxygen,1.06,0,19.3,1
r,C,1571,GLN,212,A,Carbon,1.06,0,22.77,1
r,O,1572,GLN,212,A,Oxygen,1.01,0,27.37,1
r,CA,1570,GLN,212,A,Carbon,1.06,0,23.62,1
r,N,1569,GLN,212,A,Nitrogen,1.08,0,22.21,1
r,CB,1573,GLN,212,A,Carbon,0.95,0,26.47,1
r,CG,1574,GLN,212,A,Carbon,0.85,0,28.6,1
r,CD,1575,GLN,212,A,Carbon,0.55,3,28.11,0.5
r,OE1,1576,GLN,212,A,Oxygen,0.75,3,26.11,0.5
r,NE2,1577,GLN,212,A,Nitrogen,0.59,3,27.28,0.5
r,C,1580,PHE,213,A,Carbon,1.08,0,24.8,1
r,O,1581,PHE,213,A,Oxygen,0.94,0,29.39,1
r,CA,1579,PHE,213,A,Carbon,1.06,0,24.96,1
r,N,1578,PHE,213,A,Nitrogen,1.06,0,22.83,1
r,CB,1582,PHE,213,A,Carbon,0.97,0,27.54,1
r,CG,1583,PHE,213,A,Carbon,1.09,0,29.84,1
r,CD1,1584,PHE,213,A,Carbon,0.97,0,31.9,1
r,CE1,1586,PHE,213,A,Carbon,0.83,0,35.39,1
r,CZ,1588,PHE,213,A,Carbon,0.82,0,34.02,1
r,CE2,1587,PHE,213,A,Carbon,0.84,0,34.49,1
r,CD2,1585,PHE,213,A,Carbon,0.93,0,32.72,1
r,C,1591,ILE,214,A,Carbon,1.1,0,19.27,1
r,O,1592,ILE,214,A,Oxygen,1.04,0,19.59,1
r,CA,1590,ILE,214,A,Carbon,1.1,0,18.22,1
r,N,1589,ILE,214,A,Nitrogen,1.1,0,19.77,1
r,CB,1593,ILE,214,A,Carbon,1.08,0,17.5,1
r,CG1,1594,ILE,214,A,Carbon,1.04,0,18.98,1
r,CD1,1596,ILE,214,A,Carbon,0.94,0,19.67,1
r,CG2,1595,ILE,214,A,Carbon,0.98,0,17.18,1
r,C,1599,GLY,215,A,Carbon,1.13,0,18.88,1
r,O,1600,GLY,215,A,Oxygen,1.1,0,19.8,1
r,CA,1598,GLY,215,A,Carbon,1.04,0,19.17,1
r,N,1597,GLY,215,A,Nitrogen,1.1,0,18.06,1
r,C,1603,TYR,216,A,Carbon,1.13,0,16.64,1
r,O,1604,TYR,216,A,Oxygen,1.08,0,17.99,1
r,CA,1602,TYR,216,A,Carbon,1.12,0,16.91,1
r,N,1601,TYR,216,A,Nitrogen,1.12,0,17.73,1
r,CB,1605,TYR,216,A,Carbon,1.03,0,16.87,1
r,CG,1606,TYR,216,A,Carbon,1.12,0,16.52,1
r,CD1,1607,TYR,216,A,Carbon,1.01,0,17.2,1
r,CE1,1609,TYR,216,A,Carbon,0.97,0,18.51,1
r,CZ,1611,TYR,216,A,Carbon,1.13,0,18.72,1
r,OH,1612,TYR,216,A,Oxygen,1.07,0,20.13,1
r,CE2,1610,TYR,216,A,Carbon,1.04,0,17.04,1
r,CD2,1608,TYR,216,A,Carbon,1.04,0,16.55,1
r,C,1615,PRO,217,A,Carbon,1.12,0,16.78,1
r,O,1616,PRO,217,A,Oxygen,1.12,0,17.33,1
r,CA,1614,PRO,217,A,Carbon,1.1,0,17.09,1
r,N,1613,PRO,217,A,Nitrogen,1.14,0,16.81,1
r,CD,1619,PRO,217,A,Carbon,1.01,0,17.57,1
r,CG,1618,PRO,217,A,Carbon,1.02,0,20.55,1
r,CB,1617,PRO,217,A,Carbon,1.01,0,18.84,1
r,C,1622,ILE,218,A,Carbon,1.11,0,15.47,1
r,O,1623,ILE,218,A,Oxygen,1.11,0,17.61,1
r,CA,1621,ILE,218,A,Carbon,1.12,0,15.07,1
r,N,1620,ILE,218,A,Nitrogen,1.12,0,15.52,1
r,CB,1624,ILE,218,A,Carbon,1.12,0,14.57,1
r,CG1,1625,ILE,218,A,Carbon,1.01,0,15.16,1
r,CD1,1627,ILE,218,A,Carbon,0.99,0,15.09,1
r,CG2,1626,ILE,218,A,Carbon,1.01,0,15.97,1
r,C,1630,THR,219,A,Carbon,1.14,0,14.18,1
r,O,1631,THR,219,A,Oxygen,1.11,0,14.03,1
r,CA,1629,THR,219,A,Carbon,1.13,0,14.35,1
r,N,1628,THR,219,A,Nitrogen,1.15,0,14.44,1
r,CB,1632,THR,219,A,Carbon,1.11,0,14.88,1
r,OG1,1633,THR,219,A,Oxygen,1.13,0,17.25,1
r,CG2,1634,THR,219,A,Carbon,1.01,0,16.7,1
r,C,1637,LEU,220,A,Carbon,1.13,0,15.29,1
r,O,1638,LEU,220,A,Oxygen,1.09,0,16.02,1
r,CA,1636,LEU,220,A,Carbon,1.13,0,15.02,1
r,N,1635,LEU,220,A,Nitrogen,1.1,0,14.21,1
r,CB,1639,LEU,220,A,Carbon,1.07,0,16.42,1
r,CG,1640,LEU,220,A,Carbon,1.08,0,16.84,1
r,CD1,1641,LEU,220,A,Carbon,0.97,0,17.79,1
r,CD2,1642,LEU,220,A,Carbon,0.95,0,19.06,1
r,C,1645,PHE,221,A,Carbon,1.12,0,17.23,1
r,O,1646,PHE,221,A,Oxygen,1.09,0,17.21,1
r,CA,1644,PHE,221,A,Carbon,1.11,0,15.72,1
r,N,1643,PHE,221,A,Nitrogen,1.12,0,14.48,1
r,CB,1647,PHE,221,A,Carbon,1.08,0,15.79,1
r,CG,1648,PHE,221,A,Carbon,1.1,0,14.85,1
r,CD1,1649,PHE,221,A,Carbon,1.07,0,14.76,1
r,CE1,1651,PHE,221,A,Carbon,1.09,0,14.83,1
r,CZ,1653,PHE,221,A,Carbon,1.05,0,14.01,1
r,CE2,1652,PHE,221,A,Carbon,1.01,0,15,1
r,CD2,1650,PHE,221,A,Carbon,1.05,0,15.12,1
r,C,1656,VAL,222,A,Carbon,1.06,0,23.43,1
r,O,1657,VAL,222,A,Oxygen,1.07,0,22.66,1
r,CA,1655,VAL,222,A,Carbon,1.07,0,21.21,1
r,N,1654,VAL,222,A,Nitrogen,1.1,0,18.93,1
r,CB,1658,VAL,222,A,Carbon,1.06,0,22.66,1
r,CG1,1659,VAL,222,A,Carbon,0.61,3,26.15,1
r,CG2,1660,VAL,222,A,Carbon,0.74,3,25.74,1
r,C,1663,GLU,223,A,Carbon,1.07,0,35.44,1
r,O,1664,GLU,223,A,Oxygen,0.82,0,39.9,1
r,CA,1662,GLU,223,A,Carbon,1.06,0,29.57,1
r,N,1661,GLU,223,A,Nitrogen,1.07,0,24.32,1
r,CB,1665,GLU,223,A,Carbon,0.98,0,29.98,1
r,CG,1666,GLU,223,A,Carbon,0.97,0,27.08,1
r,CD,1667,GLU,223,A,Carbon,1.09,0,28.31,1
r,OE1,1668,GLU,223,A,Oxygen,1.02,0,26.17,1
r,OE2,1669,GLU,223,A,Oxygen,1.01,0,28.93,1
r,C,1672,LYS,224,A,Carbon,0.66,0,47.06,1
r,O,1673,LYS,224,A,Oxygen,0.64,2,49.65,1
r,CA,1671,LYS,224,A,Carbon,0.73,0,44.41,1
r,N,1670,LYS,224,A,Nitrogen,0.91,0,39.59,1
r,CB,1674,LYS,224,A,Carbon,0.7,0,45.69,1
r,CG,1675,LYS,224,A,Carbon,0.5,3,48.6,1
r,CD,1676,LYS,224,A,Carbon,0.44,3,48.51,1
m,CL,1679,CL,302,A,Chlorine,1.15,0,25.33,1
w,O,1680,HOH,1,A,Oxygen,0.62,3,22.54,0.4
w,O,1681,HOH,2,A,Oxygen,0.39,3,47.87,1
w,O,1682,HOH,3,A,Oxygen,0.86,0,33.35,1
w,O,1683,HOH,4,A,Oxygen,0.75,0,38.84,1
w,O,1684,HOH,5,A,Oxygen,0.74,0,45.62,1
w,O,1685,HOH,6,A,Oxygen,0.9,0,34.63,1
w,O,1686,HOH,7,A,Oxygen,0.72,0,36.91,1
w,O,1687,HOH,8,A,Oxygen,0.67,6,28.04,0.5
w,O,1688,HOH,9,A,Oxygen,0.41,6,29.58,0.5
w,O,1689,HOH,10,A,Oxygen,0.41,3,55.66,1
w,O,1690,HOH,11,A,Oxygen,0.4,3,50.49,1
w,O,1691,HOH,12,A,Oxygen,0.47,3,48.09,1
w,O,1692,HOH,13,A,Oxygen,0.49,3,50.25,1
w,O,1693,HOH,14,A,Oxygen,0.46,3,56.04,1
w,O,1694,HOH,15,A,Oxygen,0.31,3,58.22,1
w,O,1695,HOH,16,A,Oxygen,0.96,0,24.63,1
w,O,1696,HOH,17,A,Oxygen,0.85,0,28.17,1
w,O,1697,HOH,18,A,Oxygen,0.72,0,39.89,1
w,O,1698,HOH,19,A,Oxygen,0.97,0,29.95,1
w,O,1699,HOH,20,A,Oxygen,0.85,0,34.08,1
w,O,1700,HOH,21,A,Oxygen,0.99,0,28.73,1
w,O,1701,HOH,22,A,Oxygen,0.62,3,47.39,1
w,O,1702,HOH,23,A,Oxygen,0.45,3,48.81,1
w,O,1703,HOH,24,A,Oxygen,0.87,0,28.73,1
w,O,1704,HOH,25,A,Oxygen,0.67,3,36.94,1
w,O,1705,HOH,26,A,Oxygen,1,0,24.02,1
w,O,1706,HOH,27,A,Oxygen,1.06,0,19.66,1
w,O,1707,HOH,28,A,Oxygen,0.55,3,22.84,0.5
w,O,1708,HOH,29,A,Oxygen,0.44,3,43.3,1
w,O,1709,HOH,30,A,Oxygen,0.99,0,26.03,1
w,O,1710,HOH,31,A,Oxygen,0.85,0,34.56,1
w,O,1711,HOH,32,A,Oxygen,0.43,3,41.3,1
w,O,1712,HOH,33,A,Oxygen,1,0,24.55,1
w,O,1713,HOH,34,A,Oxygen,0.96,0,32.38,1
w,O,1714,HOH,35,A,Oxygen,0.84,0,31.73,1
w,O,1715,HOH,36,A,Oxygen,0.38,3,53.41,1
w,O,1716,HOH,37,A,Oxygen,0.77,0,33.1,1
w,O,1717,HOH,38,A,Oxygen,0.64,3,39.56,1
w,O,1718,HOH,39,A,Oxygen,0.94,0,28.85,1
w,O,1719,HOH,40,A,Oxygen,0.76,3,35.19,1
w,O,1720,HOH,41,A,Oxygen,0.67,3,39.92,1
w,O,1721,HOH,42,A,Oxygen,0.89,0,36.1,1
w,O,1722,HOH,43,A,Oxygen,1.05,0,19.02,1
w,O,1723,HOH,44,A,Oxygen,0.75,3,31.14,1
w,O,1724,HOH,45,A,Oxygen,1.04,0,19.5,1
w,O,1725,HOH,46,A,Oxygen,1.03,0,23.37,1
w,O,1726,HOH,47,A,Oxygen,0.48,3,45.28,1
w,O,1727,HOH,48,A,Oxygen,0.97,0,27.93,1
w,O,1728,HOH,49,A,Oxygen,0.87,0,32.26,1
w,O,1729,HOH,50,A,Oxygen,1.03,0,20.35,1
w,O,1730,HOH,51,A,Oxygen,0.66,3,33.29,1
w,O,1731,HOH,52,A,Oxygen,1.01,0,19.05,1
w,O,1732,HOH,53,A,Oxygen,1.01,0,22.56,1
w,O,1733,HOH,54,A,Oxygen,1.08,0,16.67,1
w,O,1734,HOH,55,A,Oxygen,0.65,3,44.44,1
w,O,1735,HOH,56,A,Oxygen,1.01,0,23.57,1
w,O,1736,HOH,57,A,Oxygen,0.79,0,40.14,1
w,O,1737,HOH,58,A,Oxygen,0.81,0,33.89,1
w,O,1738,HOH,59,A,Oxygen,0.93,0,28.92,1
w,O,1739,HOH,60,A,Oxygen,1,0,24.64,1
w,O,1740,HOH,61,A,Oxygen,0.78,0,38.45,1
w,O,1741,HOH,62,A,Oxygen,1.1,0,16.64,1
w,O,1742,HOH,63,A,Oxygen,0.82,0,36.56,1
w,O,1743,HOH,64,A,Oxygen,1.01,0,23.8,1
w,O,1744,HOH,65,A,Oxygen,1.06,0,21.22,1
w,O,1745,HOH,66,A,Oxygen,0.9,0,25.06,1
w,O,1746,HOH,67,A,Oxygen,0.66,3,48.53,1
w,O,1747,HOH,68,A,Oxygen,1.07,0,19.41,1
w,O,1748,HOH,69,A,Oxygen,0.8,0,33.39,1
w,O,1749,HOH,70,A,Oxygen,0.89,0,23.89,1
w,O,1750,HOH,71,A,Oxygen,1.02,0,26.07,1
w,O,1751,HOH,72,A,Oxygen,0.89,0,26.73,1
w,O,1752,HOH,73,A,Oxygen,0.46,3,47.99,1
w,O,1753,HOH,74,A,Oxygen,0.75,0,47.71,1
w,O,1754,HOH,75,A,Oxygen,1.06,0,24.4,1
w,O,1755,HOH,76,A,Oxygen,0.84,0,28.58,1
w,O,1756,HOH,77,A,Oxygen,0.85,0,31.18,1
w,O,1757,HOH,78,A,Oxygen,0.49,3,52.36,1
w,O,1758,HOH,79,A,Oxygen,0.93,0,31.89,1
w,O,1759,HOH,80,A,Oxygen,0.97,0,22.8,1
w,O,1760,HOH,81,A,Oxygen,0.61,3,28.35,0.6
w,O,1761,HOH,82,A,Oxygen,0.65,3,40.73,1
w,O,1762,HOH,83,A,Oxygen,0.71,0,41.96,1
w,O,1763,HOH,84,A,Oxygen,0.66,3,34.55,1
w,O,1764,HOH,85,A,Oxygen,1.07,0,19.28,1
w,O,1765,HOH,86,A,Oxygen,1.06,0,16.82,1
w,O,1766,HOH,87,A,Oxygen,0.45,3,50.92,1
w,O,1767,HOH,88,A,Oxygen,1.04,0,23.31,1
w,O,1768,HOH,89,A,Oxygen,0.88,0,34.21,1
w,O,1769,HOH,90,A,Oxygen,0.72,0,39.45,1
w,O,1770,HOH,91,A,Oxygen,0.57,3,48.42,1
w,O,1771,HOH,92,A,Oxygen,0.99,0,21.01,1
w,O,1772,HOH,93,A,Oxygen,0.91,0,28.86,1
w,O,1773,HOH,94,A,Oxygen,0.78,0,30.08,1
w,O,1774,HOH,95,A,Oxygen,1.02,0,24.54,1
w,O,1775,HOH,96,A,Oxygen,0.72,3,37.91,1
w,O,1776,HOH,97,A,Oxygen,1.02,0,23.16,1
w,O,1777,HOH,98,A,Oxygen,0.7,3,38.28,1
w,O,1778,HOH,99,A,Oxygen,0.97,0,23.73,1
w,O,1779,HOH,100,A,Oxygen,0.54,3,49.43,1
w,O,1780,HOH,101,A,Oxygen,0.88,0,23.38,1
w,O,1781,HOH,102,A,Oxygen,1.05,0,20.47,1
w,O,1782,HOH,103,A,Oxygen,0.74,0,46.17,1
w,O,1783,HOH,104,A,Oxygen,0.75,0,34.02,1
w,O,1784,HOH,105,A,Oxygen,0.9,0,30.88,1
w,O,1785,HOH,106,A,Oxygen,1,0,24.31,1
w,O,1786,HOH,107,A,Oxygen,0.93,0,30.85,1
w,O,1787,HOH,108,A,Oxygen,0.56,3,49.43,1
w,O,1788,HOH,109,A,Oxygen,0.99,0,21.77,1
w,O,1789,HOH,110,A,Oxygen,0.71,0,45.61,1
w,O,1790,HOH,111,A,Oxygen,0.75,0,31.09,1
w,O,1791,HOH,112,A,Oxygen,1.05,0,18.9,1
w,O,1792,HOH,113,A,Oxygen,1.06,0,16.33,1
w,O,1793,HOH,114,A,Oxygen,0.81,0,32.12,1
w,O,1794,HOH,115,A,Oxygen,0.33,3,42.88,1
w,O,1795,HOH,116,A,Oxygen,0.96,0,26.85,1
w,O,1796,HOH,117,A,Oxygen,0.53,3,47.66,1
w,O,1797,HOH,118,A,Oxygen,0.8,0,32.09,1
w,O,1798,HOH,119,A,Oxygen,0.76,0,32.13,1
w,O,1799,HOH,120,A,Oxygen,1,0,27.63,1
w,O,1800,HOH,121,A,Oxygen,0.64,3,39.22,1
w,O,1801,HOH,122,A,Oxygen,0.8,0,39.37,1
w,O,1802,HOH,123,A,Oxygen,0.71,0,39.9,1
w,O,1803,HOH,124,A,Oxygen,0.87,0,36.81,1
w,O,1804,HOH,125,A,Oxygen,1.04,0,26.34,1
w,O,1805,HOH,126,A,Oxygen,0.96,0,27.01,1
w,O,1806,HOH,127,A,Oxygen,0.96,0,32.15,1
w,O,1807,HOH,128,A,Oxygen,0.69,0,47.44,1
w,O,1808,HOH,129,A,Oxygen,0.67,3,40.86,1
w,O,1809,HOH,130,A,Oxygen,0.96,0,28.52,1
w,O,1810,HOH,131,A,Oxygen,1.09,0,18.21,1
w,O,1811,HOH,132,A,Oxygen,0.76,3,31.46,1
w,O,1812,HOH,133,A,Oxygen,1.04,0,26.29,1
w,O,1813,HOH,134,A,Oxygen,0.68,3,39,1
w,O,1814,HOH,135,A,Oxygen,0.89,0,31.52,1
w,O,1815,HOH,136,A,Oxygen,1.06,0,18.23,1
w,O,1816,HOH,137,A,Oxygen,0.95,0,22.99,1
w,O,1817,HOH,138,A,Oxygen,1.06,0,17.58,1
w,O,1818,HOH,139,A,Oxygen,0.68,3,37.13,1
w,O,1819,HOH,140,A,Oxygen,1,0,24.97,1
w,O,1820,HOH,141,A,Oxygen,0.94,0,31.55,1
w,O,1821,HOH,142,A,Oxygen,0.8,0,32.61,1
w,O,1822,HOH,143,A,Oxygen,0.77,0,41.96,1
w,O,1823,HOH,144,A,Oxygen,0.95,0,29.96,1
w,O,1824,HOH,145,A,Oxygen,1.01,0,26.87,1
w,O,1825,HOH,146,A,Oxygen,1.01,0,18.7,1
w,O,1826,HOH,147,A,Oxygen,0.58,3,52.91,1
w,O,1827,HOH,148,A,Oxygen,1.02,0,24.8,1
w,O,1828,HOH,149,A,Oxygen,1.06,0,19.93,1
w,O,1829,HOH,150,A,Oxygen,0.9,0,31.4,1
w,O,1830,HOH,151,A,Oxygen,0.94,0,24.36,1
w,O,1831,HOH,152,A,Oxygen,0.97,0,22.68,1
w,O,1832,HOH,153,A,Oxygen,0.84,0,29.54,1
w,O,1833,HOH,154,A,Oxygen,0.74,0,37,1
w,O,1834,HOH,155,A,Oxygen,0.78,0,36.67,1
w,O,1835,HOH,156,A,Oxygen,0.92,0,29.84,1
w,O,1836,HOH,157,A,Oxygen,0.72,3,38.24,1
w,O,1837,HOH,158,A,Oxygen,0.99,0,22.05,1
w,O,1838,HOH,159,A,Oxygen,1.01,0,22.84,1
w,O,1839,HOH,160,A,Oxygen,0.48,3,32.89,1
w,O,1840,HOH,161,A,Oxygen,0.53,0,46.29,1
w,O,1841,HOH,162,A,Oxygen,1.1,0,13.72,1
w,O,1842,HOH,163,A,Oxygen,1.04,0,18.12,1
w,O,1843,HOH,164,A,Oxygen,1.04,0,20.39,1
w,O,1844,HOH,165,A,Oxygen,0.72,0,31.92,1
w,O,1845,HOH,166,A,Oxygen,0.69,3,38.25,1
w,O,1846,HOH,167,A,Oxygen,0.76,0,35.71,1
w,O,1847,HOH,168,A,Oxygen,0.82,0,25.95,1
w,O,1848,HOH,169,A,Oxygen,0.57,3,27.51,0.5
w,O,1849,HOH,170,A,Oxygen,0.93,0,34.36,1
w,O,1850,HOH,171,A,Oxygen,0.97,0,21.74,1
w,O,1851,HOH,172,A,Oxygen,1.02,0,26.74,1
w,O,1852,HOH,173,A,Oxygen,0.76,0,39.66,1
w,O,1853,HOH,174,A,Oxygen,0.85,0,29.2,1
w,O,1854,HOH,175,A,Oxygen,1.02,0,20.39,1
w,O,1855,HOH,176,A,Oxygen,0.85,0,35.21,1
w,O,1856,HOH,177,A,Oxygen,0.78,0,37.51,1
w,O,1857,HOH,178,A,Oxygen,1.05,0,20.76,1
w,O,1858,HOH,179,A,Oxygen,0.92,0,35.39,1
w,O,1859,HOH,180,A,Oxygen,0.85,0,34.23,1
w,O,1860,HOH,181,A,Oxygen,0.98,0,26.8,1
w,O,1861,HOH,182,A,Oxygen,0.85,0,29.63,1
w,O,1862,HOH,183,A,Oxygen,0.65,3,50.39,1
w,O,1863,HOH,184,A,Oxygen,0.93,0,26.33,1
w,O,1864,HOH,185,A,Oxygen,0.79,0,36.47,1
w,O,1865,HOH,186,A,Oxygen,1.03,0,16.7,1
w,O,1866,HOH,187,A,Oxygen,0.94,0,29.05,1
w,O,1867,HOH,188,A,Oxygen,1.04,0,23.28,1
w,O,1868,HOH,189,A,Oxygen,0.84,0,40.46,1
w,O,1869,HOH,190,A,Oxygen,0.91,0,27.66,1
w,O,1870,HOH,191,A,Oxygen,0.61,3,44.52,1
w,O,1871,HOH,192,A,Oxygen,0.68,3,48.07,1
w,O,1872,HOH,193,A,Oxygen,0.84,0,38.59,1
w,O,1873,HOH,194,A,Oxygen,1.04,0,24.61,1
w,O,1874,HOH,195,A,Oxygen,0.76,0,35.15,1
w,O,1875,HOH,196,A,Oxygen,0.51,3,24.85,0.5
w,O,1876,HOH,197,A,Oxygen,0.87,0,30.55,1
w,O,1877,HOH,198,A,Oxygen,0.6,3,45.47,1
w,O,1878,HOH,199,A,Oxygen,0.57,3,43.56,1
w,O,1879,HOH,200,A,Oxygen,1.07,0,24.83,1
w,O,1880,HOH,201,A,Oxygen,0.6,3,44.11,1
w,O,1881,HOH,202,A,Oxygen,0.9,0,32.81,1
w,O,1882,HOH,203,A,Oxygen,0.83,0,32.34,1
w,O,1883,HOH,204,A,Oxygen,0.96,0,27.18,1
w,O,1884,HOH,205,A,Oxygen,0.65,3,41.71,1
w,O,1885,HOH,206,A,Oxygen,0.69,0,45.47,1
w,O,1886,HOH,207,A,Oxygen,1,0,30.56,1
w,O,1887,HOH,208,A,Oxygen,0.92,0,31.2,1
w,O,1888,HOH,209,A,Oxygen,0.98,0,29.14,1
w,O,1889,HOH,210,A,Oxygen,0.53,3,46.1,1
w,O,1890,HOH,211,A,Oxygen,0.58,3,48.17,1
w,O,1891,HOH,212,A,Oxygen,0.52,3,48.6,1
w,O,1892,HOH,213,A,Oxygen,0.35,3,52.92,1
w,O,1893,HOH,214,A,Oxygen,0.8,0,31.17,1
w,O,1894,HOH,215,A,Oxygen,1.04,0,24.81,1
w,O,1895,HOH,216,A,Oxygen,0.68,3,37.37,1
w,O,1896,HOH,217,A,Oxygen,0.55,3,43.47,1
w,O,1897,HOH,218,A,Oxygen,0.46,3,51.13,1
w,O,1898,HOH,219,A,Oxygen,1.06,0,20.52,1
w,O,1899,HOH,220,A,Oxygen,0.66,3,42.14,1
w,O,1900,HOH,221,A,Oxygen,0.78,0,34.65,1
w,O,1901,HOH,222,A,Oxygen,0.54,3,41.05,1
w,O,1902,HOH,223,A,Oxygen,0.77,0,38.41,1
w,O,1903,HOH,224,A,Oxygen,1.09,0,18.9,1
w,O,1904,HOH,225,A,Oxygen,0.42,3,39.49,1
w,O,1905,HOH,226,A,Oxygen,0.56,3,41.67,1
w,O,1906,HOH,227,A,Oxygen,0.57,3,40.86,1
w,O,1907,HOH,228,A,Oxygen,0.93,0,28.62,1
w,O,1908,HOH,229,A,Oxygen,0.66,3,47.61,1
w,O,1909,HOH,230,A,Oxygen,0.78,0,37.16,1
w,O,1910,HOH,231,A,Oxygen,0.91,0,29.34,1
w,O,1911,HOH,232,A,Oxygen,0.76,0,41.3,1
w,O,1912,HOH,233,A,Oxygen,0.47,3,51.53,1
w,O,1913,HOH,234,A,Oxygen,0.48,3,51.97,1
w,O,1914,HOH,235,A,Oxygen,0.98,0,34.64,1
w,O,1915,HOH,236,A,Oxygen,0.64,3,43.97,1
w,O,1916,HOH,237,A,Oxygen,0.51,3,47.59,1
w,O,1917,HOH,238,A,Oxygen,0.4,3,52.57,1
w,O,1918,HOH,239,A,Oxygen,-1,-1,48.64,1
w,O,1919,HOH,240,A,Oxygen,0.85,0,40.66,1
w,O,1920,HOH,241,A,Oxygen,0.39,3,52.62,1
w,O,1921,HOH,242,A,Oxygen,0.71,3,37.38,1
w,O,1922,HOH,243,A,Oxygen,0.87,0,32.64,1
w,O,1923,HOH,244,A,Oxygen,0.97,0,34.07,1
w,O,1924,HOH,245,A,Oxygen,0.66,0,43.49,1
w,O,1925,HOH,246,A,Oxygen,0.47,3,48.87,1
w,O,1926,HOH,247,A,Oxygen,0.93,0,25.99,1
w,O,1927,HOH,248,A,Oxygen,0.84,0,35.67,1
w,O,1928,HOH,249,A,Oxygen,0.81,0,32.5,1
w,O,1929,HOH,250,A,Oxygen,0.74,0,37.23,1
w,O,1930,HOH,251,A,Oxygen,0.79,0,40.5,1
w,O,1931,HOH,252,A,Oxygen,0.73,0,40.16,1
w,O,1932,HOH,253,A,Oxygen,0.93,0,27.83,1
w,O,1933,HOH,254,A,Oxygen,0.59,3,26.62,0.6
w,O,1934,HOH,255,A,Oxygen,0.69,3,24.3,0.4
w,O,1935,HOH,256,A,Oxygen,0.87,0,37.13,1
w,O,1936,HOH,257,A,Oxygen,0.41,3,51.3,1
w,O,1937,HOH,258,A,Oxygen,0.92,0,30.51,1
w,O,1938,HOH,259,A,Oxygen,0.5,3,51.94,1
w,O,1939,HOH,260,A,Oxygen,0.39,3,52.32,1
w,O,1940,HOH,261,A,Oxygen,0.77,3,37.45,1
w,O,1941,HOH,262,A,Oxygen,0.5,3,47.57,1
w,O,1942,HOH,263,A,Oxygen,0.63,3,44.49,1
w,O,1943,HOH,264,A,Oxygen,0.61,3,45.46,1
w,O,1944,HOH,265,A,Oxygen,0.86,0,36.84,1
w,O,1945,HOH,266,A,Oxygen,0.64,3,51.94,1
w,O,1946,HOH,267,A,Oxygen,0.89,0,29.07,1
w,O,1947,HOH,268,A,Oxygen,0.61,3,45.02,1
w,O,1948,HOH,269,A,Oxygen,0.51,3,46.05,1
w,O,1949,HOH,270,A,Oxygen,0.75,0,41.27,1
w,O,1950,HOH,271,A,Oxygen,0.84,0,30.59,1
w,O,1951,HOH,272,A,Oxygen,0.69,0,36.57,1
w,O,1952,HOH,273,A,Oxygen,0.44,3,44.58,1
w,O,1953,HOH,274,A,Oxygen,0.3,3,59.66,1
w,O,1954,HOH,275,A,Oxygen,0.91,0,30.01,1
w,O,1955,HOH,276,A,Oxygen,0.58,3,46.82,1
w,O,1956,HOH,277,A,Oxygen,0.7,3,40.56,1
w,O,1957,HOH,278,A,Oxygen,0.6,3,40.62,1
w,O,1958,HOH,279,A,Oxygen,0.64,3,48.74,1
w,O,1959,HOH,280,A,Oxygen,0.69,3,41.77,1
w,O,1960,HOH,281,A,Oxygen,0.58,3,47.31,1
w,O,1961,HOH,282,A,Oxygen,0.63,3,44.05,1
w,O,1962,HOH,283,A,Oxygen,0.54,3,45.02,1
w,O,1963,HOH,284,A,Oxygen,0.77,0,44.38,1
w,O,1964,HOH,285,A,Oxygen,0.73,3,45.95,1
w,O,1965,HOH,286,A,Oxygen,0.44,3,50.28,1
w,O,1966,HOH,287,A,Oxygen,0.74,0,39.37,1
w,O,1967,HOH,288,A,Oxygen,0.84,0,33.44,1
w,O,1968,HOH,289,A,Oxygen,0.54,3,52.24,1
w,O,1969,HOH,290,A,Oxygen,0.85,0,39.19,1
w,O,1970,HOH,291,A,Oxygen,0.84,0,40.8,1
w,O,1971,HOH,292,A,Oxygen,0.73,0,44.21,1
w,O,1972,HOH,293,A,Oxygen,0.7,3,37.5,1
w,O,1973,HOH,294,A,Oxygen,0.89,0,35.96,1
w,O,1974,HOH,295,A,Oxygen,0.74,3,33.57,1
w,O,1975,HOH,296,A,Oxygen,0.82,0,35.03,1
w,O,1976,HOH,297,A,Oxygen,0.99,0,30.31,1
w,O,1977,HOH,298,A,Oxygen,0.92,0,27.41,1
w,O,1978,HOH,299,A,Oxygen,0.86,0,39.99,1
w,O,1979,HOH,300,A,Oxygen,0.76,0,41.81,1
w,O,1980,HOH,301,A,Oxygen,0.9,0,30.1,1
w,O,1981,HOH,302,A,Oxygen,0.53,3,58.51,1
w,O,1982,HOH,303,A,Oxygen,0.45,3,53.8,1
w,O,1983,HOH,304,A,Oxygen,0.66,3,38.98,1
w,O,1984,HOH,305,A,Oxygen,0.77,0,41.95,1
w,O,1985,HOH,306,A,Oxygen,0.51,3,32.98,0.5
w,O,1986,HOH,307,A,Oxygen,0.61,3,32.33,0.5
w,O,1987,HOH,308,A,Oxygen,0.6,3,46.47,1
w,O,1988,HOH,309,A,Oxygen,0.56,3,48.17,1
w,O,1989,HOH,310,A,Oxygen,0.5,3,41.06,1
w,O,1990,HOH,311,A,Oxygen,0.93,0,33.09,1
w,O,1991,HOH,312,A,Oxygen,0.51,3,53.04,1
w,O,1992,HOH,313,A,Oxygen,0.59,3,44.45,1
w,O,1993,HOH,314,A,Oxygen,0.29,3,52.39,1
w,O,1994,HOH,315,A,Oxygen,0.86,0,35,1
w,O,1995,HOH,316,A,Oxygen,0.72,0,48.23,1
w,O,1996,HOH,317,A,Oxygen,0.52,3,47.95,1
w,O,1997,HOH,318,A,Oxygen,0.63,0,48.7,1
w,O,1998,HOH,319,A,Oxygen,0.48,3,53.52,1
w,O,1999,HOH,320,A,Oxygen,0.75,0,35.04,1
w,O,2000,HOH,321,A,Oxygen,0.86,0,31.23,1
w,O,2001,HOH,322,A,Oxygen,0.7,3,45.83,1
w,O,2002,HOH,323,A,Oxygen,0.74,3,47.61,1
w,O,2003,HOH,324,A,Oxygen,0.79,0,34.8,1
w,O,2004,HOH,325,A,Oxygen,0.44,3,33.35,0.5
w,O,2005,HOH,326,A,Oxygen,0.51,3,53.92,1
w,O,2006,HOH,327,A,Oxygen,0.71,3,39.65,1
w,O,2007,HOH,328,A,Oxygen,0.83,0,38.43,1
w,O,2008,HOH,329,A,Oxygen,0.85,0,30.6,1
w,O,2009,HOH,330,A,Oxygen,0.64,3,39.57,1
w,O,2010,HOH,331,A,Oxygen,0.85,0,30.57,1
w,O,2011,HOH,332,A,Oxygen,0.83,0,36.77,1
w,O,2012,HOH,333,A,Oxygen,0.88,0,34.07,1
w,O,2013,HOH,334,A,Oxygen,0.83,0,31.79,1
w,O,2014,HOH,335,A,Oxygen,0.62,3,49.45,1
w,O,2015,HOH,336,A,Oxygen,0.86,0,34.1,1
w,O,2016,HOH,337,A,Oxygen,0.87,0,31.47,1
w,O,2017,HOH,338,A,Oxygen,0.93,0,27.38,1
w,O,2018,HOH,339,A,Oxygen,0.39,3,53.55,1
w,O,2019,HOH,340,A,Oxygen,0.72,3,41.81,1
w,O,2020,HOH,341,A,Oxygen,0.46,3,40.54,1
w,O,2021,HOH,342,A,Oxygen,0.51,3,49.82,1
w,O,2022,HOH,343,A,Oxygen,0.66,3,46.66,1
w,O,2023,HOH,344,A,Oxygen,0.9,0,32.1,1
w,O,2024,HOH,345,A,Oxygen,1.04,0,25.95,1
w,O,2025,HOH,346,A,Oxygen,0.65,3,49.1,1
w,O,2026,HOH,347,A,Oxygen,0.85,0,42.16,1
w,O,2027,HOH,348,A,Oxygen,0.56,3,45.3,1
w,O,2028,HOH,349,A,Oxygen,0.68,3,43.03,1
w,O,2029,HOH,350,A,Oxygen,-1,-1,49.5,1
w,O,2030,HOH,351,A,Oxygen,0.75,3,31.11,1
w,O,2031,HOH,352,A,Oxygen,0.69,3,47.5,1
w,O,2032,HOH,353,A,Oxygen,0.86,0,34.7,1
w,O,2033,HOH,354,A,Oxygen,0.68,3,37.94,1
w,O,2034,HOH,355,A,Oxygen,0.72,0,42.09,1
w,O,2035,HOH,356,A,Oxygen,0.87,0,36.41,1
w,O,2036,HOH,357,A,Oxygen,0.58,3,50.41,1
w,O,2037,HOH,358,A,Oxygen,0.72,3,41.32,1
t,MG,1678,MG,301,A,Magnesium,0.29,7,31.37,0.5
